use appausadb;
INSERT INTO `accion` (`nombre`, `descrip`) VALUES
('Actividad Asignada Ex', 'Actividad Asignada'),
('Actividad Asignada Fal', 'Actividad Asignada'),
('Actividad Desasignada Ex', 'Actividad Desasignada'),
('Actividad Desasignada Fal', 'Actividad Desasignada'),
('Cambio de Contraseña Exitoso', 'Cambio de Contraseña Exitoso'),
('Cambio de Contraseña Fallido', 'Cambio de Contraseña Fallido'),
('Comentarios Vistos', 'Comentarios Vistos'),
('Contrato Añadido Exitoso', 'Contrato Añadido Exitoso'),
('Contrato Añadido Fallido', 'Contrato Añadido Fallido'),
('Contrato Buscado', 'Contrato Buscado'),
('Contrato Eliminado Exitoso', 'Contrato Eliminado Exitoso'),
('Contrato Eliminado Fallido', 'Contrato Eliminado Fallido'),
('Contrato Modificado Exitoso', 'Contrato Modificado Exitoso'),
('Contrato Modificado Fallido', 'Contrato Modificado Fallido'),
('Contratos Vistos', 'Contratos Vistos'),
('Cuenta Añadido Exitoso', 'Cuenta Añadido Exitoso'),
('Cuenta Añadido Fallido', 'Cuenta Añadido Fallido'),
('Cuenta Buscado', 'Cuenta Buscado'),
('Cuenta Eliminado Exitoso', 'Cuenta Eliminado Exitoso'),
('Cuenta Eliminado Fallido', 'Cuenta Eliminado Fallido'),
('Cuenta Modificado Exitoso', 'Cuenta Modificado Exitoso'),
('Cuenta Modificado Fallido', 'Cuenta Modificado Fallido'),
('Cuentas Vistas', 'Cuentas Vistas'),
('Empleado Añadido Exitoso', 'Empleado Añadido Exitoso'),
('Empleado Añadido Fallido', 'Empleado Añadido Fallido'),
('Empleado Buscado', 'Empleado Buscado'),
('Empleado Eliminado Exitoso', 'Empleado Eliminado Exitoso'),
('Empleado Eliminado Fallido', 'Empleado Eliminado Fallido'),
('Empleado Modificado Exitoso', 'Empleado Modificado Exitoso'),
('Empleado Modificado Fallido', 'Empleado Modificado Fallido'),
('Empleados Vistos', 'Empleados Vistos'),
('Entidad Añadida Exitoso', 'Entidad Añadida Exitoso'),
('Entidad Añadida Fallido', 'Entidad Añadida Fallido'),
('Entidad Buscada', 'Entidad Buscada'),
('Entidad Eliminada Exitoso', 'Entidad Eliminada Exitoso'),
('Entidad Eliminada Fallido', 'Entidad Eliminada Fallido'),
('Entidad Modificada Exitoso', 'Entidad Modificada Exitoso'),
('Entidad Modificada Fallido', 'Entidad Modificada Fallido'),
('Entidades Vistas', 'Entidades Vistas'),
('Estado Cuenta Cambiado', 'Estado Cuenta Cambiado'),
('Estado Cuenta NO Cambiado', 'Estado Cuenta NO Cambiado'),
('Fin Sesión', 'Fin Sesión'),
('Ingreso a la Aplicación', 'Ingreso a la Aplicación'),
('Ingreso Fallido', 'Ingreso Fallido'),
('Nuevo TH Asignado', 'Nuevo TH Asignado'),
('Perfil Añadido Exitoso', 'Perfil Añadido Exitoso'),
('Perfil Añadido Fallido', 'Perfil Añadido Fallido'),
('Perfil Asignado Exitoso', 'Perfil Asignado Exitoso'),
('Perfil Asignado Fallido', 'Perfil Asignado Fallido'),
('Perfil Buscado', 'Perfil Buscado'),
('Perfil Eliminado Exitoso', 'Perfil Eliminado Exitoso'),
('Perfil Eliminado Fallido', 'Perfil Eliminado Fallido'),
('Perfil Modificado Exitoso', 'Perfil Modificado Exitoso'),
('Perfil Modificado Fallido', 'Perfil Modificado Fallido'),
('Perfiles Vistos', 'Perfiles Vistos'),
('Registro de Actividad Visto', 'Log del usuario visto'),
('TH Requerido', 'TH Requerido'),
('Usuario Añadido Exitoso', 'Usuario Añadido Exitoso'),
('Usuario Añadido Fallido', 'Usuario Añadido Fallido'),
('Usuario Buscado', 'Usuario Buscado'),
('Usuario Eliminado Exitoso', 'Usuario Eliminado Exitoso'),
('Usuario Eliminado Fallido', 'Usuario Eliminado Fallido'),
('Usuario Modificado Exitoso', 'Usuario Modificado Exitoso'),
('Usuario Modificado Fallido', 'Usuario Modificado Fallido'),
('Usuarios Vistos', 'Usuarios Vistos');

--
-- Volcado de datos para la tabla `actividad`
--

INSERT INTO `actividad` (`nombre`, `elemento`, `url`) VALUES
('Añadir Contrato', 'Contratos', 'anadirContrato.php'),
('Añadir Cuenta', 'Cuentas', 'anadirCuenta.php'),
('Añadir Empleado', 'Empleados', 'anadirEmpleado.php'),
('Añadir Empresa', 'Empresas', 'anadirEmpresa.php'),
('Añadir Entidad', 'Entidades', 'anadirEntidad.php'),
('Añadir Perfil', 'Perfiles', 'anadirPerfil.php'),
('Añadir Usuario', 'Usuarios', 'anadirUsuario.php'),
('Asignar Cuenta Talento Humano', 'Cuentas', 'asignarCuentaTH.php'),
('Asignar Perfil', 'Perfiles', 'asignarPerfil.php'),
('Buscar Contrato', 'Contratos', 'buscarContrato.php'),
('Buscar Contrato por Empresa', 'Contratos', 'buscarContratosEmpr.php'),
('Buscar Cuenta', 'Cuentas', 'buscarCuenta.php'),
('Buscar Empleado', 'Empleados', 'buscarEmpleado.php'),
('Buscar Empresa', 'Empresas', 'buscarEmpresa.php'),
('Buscar Entidad', 'Entidades', 'buscarEntidad.php'),
('Buscar Perfil', 'Perfiles', 'buscarPerfil.php'),
('Buscar Usuario', 'Usuarios', 'buscarUsuario.php'),
('Cambiar Contraseña Cuenta', 'Cuentas', 'cambiarContrasena.php'),
('Cambiar Estado Cuenta', 'Cuentas', 'cambiarEstadoCuenta.php'),
('Cambiar Perfil Cuenta', 'Cuentas', 'cambiarPerfilCuenta.php'),
('Cerrar Sesión', 'Sesión', 'logout.php'),
('Crear Contrato', 'Contratos', 'anadirContratoE.php'),
('Eliminar Contrato', 'Contratos', 'eliminarContrato.php'),
('Eliminar Cuenta', 'Cuentas', 'eliminarCuenta.php'),
('Eliminar Empleado', 'Empleados', 'eliminarEmpleado.php'),
('Eliminar Empresa', 'Empresas', 'eliminarEmpresa.php'),
('Eliminar Entidad', 'Entidades', 'eliminarEntidad.php'),
('Eliminar Perfil', 'Perfiles', 'eliminarPerfil.php'),
('Eliminar Usuario', 'Usuarios', 'eliminarUsuario.php'),
('Generar Reporte', 'Reportes', 'generarReporte.php'),
('Modificar Contrato', 'Contratos', 'modificarContrato.php'),
('Modificar Cuenta', 'Cuentas', 'modificarCuenta.php'),
('Modificar Empleado', 'Empleados', 'modificarEmpleado.php'),
('Modificar Empresa', 'Empresas', 'modificarEmpresa.php'),
('Modificar Entidad', 'Entidades', 'modificarEntidad.php'),
('Modificar Perfil', 'Perfiles', 'modificarPerfil.php'),
('Modificar Usuario', 'Usuarios', 'modificarUsuario.php'),
('Necesito Ayuda', 'Ayuda', 'verAyuda.html'),
('Solicitar Cuenta Talento Humano', 'Empleados', 'solicitarTHEmpleado.php'),
('Ver Comentarios', 'Ayuda', 'verComentarios.php'),
('Ver Datos Cuenta', 'Sesión', 'verDatosUsuario.php'),
('Ver Todas las Cuentas', 'Cuentas', 'verCuentas.php'),
('Ver Todas las Entidades', 'Entidades', 'verEntidades.php'),
('Ver Todos las Empresas', 'Empresas', 'verEmpresas.php'),
('Ver Todos los Contratos', 'Contratos', 'verContratos.php'),
('Ver Todos los Empleados', 'Empleados', 'verEmpleados.php'),
('Ver Todos los Perfiles', 'Perfiles', 'verPerfiles.php'),
('Ver Todos los Usuarios', 'Usuarios', 'verUsuarios.php');

--
-- Volcado de datos para la tabla `contrato`
--

INSERT INTO `contrato` (`num_contrato`, `empleado`, `empresa`, `cargo`, `fecha_inicio`, `fecha_fin`, `sueldo`, `funciones`, `arl`, `caja_compensación`, `fondo_pensiones`, `eps`, `tipo_contrato`, `e`) VALUES
(1, 1000373689, 124578964, 'Profesor TC', '2020-05-13', '2021-03-18', 1200000, 'tgfrfggggfgdfdf', 1010254335, 1010297314, 1010254399, 1010254314, 'Definido', 1),
(2, 365145, 1, 'TH', '2020-10-10', '2020-10-31', 1200000, 'xrtfgdgffgf', 1010254399, 1010254314, 1010254314, 1010297314, 'Definido', 1),
(3, 54, 1, 'Asistente', '2020-10-11', '2021-10-11', 132000, 'yhhfgfggfgggf', 1010254335, 1010297314, 1010254399, 1010254314, 'Definido', 1),
(3, 1000373689, 1, 'Asesor', '2020-10-10', NULL, 1200000, 'xrtfgdgffgf', 1010254399, 1010254314, 1010254314, 1010297314, 'Obra Labor', 1),
(5, 36, 1, 'Talento Humano', '2020-10-12', '2021-10-12', 1200000, 'xxxxxxxxxxxxxyyyyyyyyyyyyyyyyyyyyyyyyy', 1010254335, 1010297314, 1010254399, 1010254314, 'Definido', 1);

--
-- Volcado de datos para la tabla `cuenta`
--

INSERT INTO `cuenta` (`correo_electronico`, `contrasena`, `estado`, `perfil`, `usuario`, `e`, `intentos_fallidos`) VALUES
('bIxYd39s/MP5gF3uFF/8FCK+fDKUplHKiJQDYQ1WmmY=', 'hQKyNFqM3nqXmyZZ+mYDxg==', 'ACTIVA', 'ADMINISTRADOR', 18, 1, 0),
('cJtGiaBdARQcqSnOLJssVQ+Gxt3o3jwrnIYk4newydelLkkVoCkFo2o0QJ+cd1Fi', 'tQF24cTDyx4T7n3ZvApfbg==', 'ACTIVA', 'ADMINISTRADOR', 1000689373, 1, 0),
('xRzzEq76rzxN9XbRXA08k3clnquI0f6S4GVK21mrHn64HbJ9L5b8kLuNoIUSXfFL', 'tQF24cTDyx4T7n3ZvApfbg==', 'ACTIVA', 'TALENTO HUMANO GENERAL', 365145, 1, 0);

--
-- Volcado de datos para la tabla `elemento`
--

INSERT INTO `elemento` (`nombre`, `descrpción`) VALUES
('Ayuda', 'Actividades de Ayuda'),
('Contratos', 'Actividades rel a Contratos'),
('Cuentas', 'Actividades rel a Cuentas'),
('Empleados', 'Actividades rel a Empleados'),
('Empresas', 'Actividades rel a Empresas'),
('Entidades', 'Actividades rel a Entidades'),
('Perfiles', 'Actividades rel a Perfiles'),
('Reportes', 'analisis contratos y empl'),
('Sesión', 'Actividades de sesión'),
('Usuarios', 'Actividades rel a Usuarios');

--
-- Volcado de datos para la tabla `empresa`
--

INSERT INTO `empresa` (`nit`, `nombre_empresa`, `direccion`, `email`, `telefono`, `descripción_empresa`, `num_empleados`, `tipo_empresa`, `e`) VALUES
(1, 'prueba', 'prueba', '9Pb7B+fNgorbXoXKGgO043UWJvIhWYBLas+1Og4FaHM=', '3144432469', 'edfghjkio9iuyhtgfrfgvbhnjikytgrfgvbhjki', 25, 'Educación',8,16, 1),
(124578964, 'Universidad San Buenaventura', 'Calle 172b#75-89', 'ilhU2TouBOT57CP+i9NzKw==\n', '7478523', 'Institución de educación superior ubicada en la ciudad de Bogotá', 5, 'Educación',7,17, 1);

--
-- Volcado de datos para la tabla `entidad`
--

INSERT INTO `entidad` (`nit`, `nombre_entidad`, `tipo`, `telefono`, `direccion`, `email`, `e`) VALUES
(1010254314, 'Compensar', 'EPS', 3173652100, 'Cra 45 # 17B- 47', '4gjrmqJIzUNdzF8nX/yaFuZQzHp6YS1WZnNCQE3nK9M=', 1),
(1010254335, 'Positiva', 'ARL', 3652147, 'Cll 72 $ 35 - 41', 'Rg6oC4h80q7M1oSKCWG6rL8godHT3fQwfmZPcOqq49E=', 1),
(1010254399, 'Colpensiones', 'FONDO DE PENSIONES', 7894561, 'Cra 35C $ 78 - 54', 'azGusZ+4Fb6mq1uAtLSLcjuyoEzZ/LuvP+HLd09bf38=', 1),
(1010297314, 'Compensar', 'CAJA DE COMPENSACIÓN', 7984125, 'Cll 100 A # 35 - 77', 'qs7DqlY0aZiJPQ4MkPfrLBYTaeKTulkk22YSQLASPqg=', 1);

--
-- Volcado de datos para la tabla `entidades_contratadas`
--

INSERT INTO `entidades_contratadas` (`nit_empresa`, `nit_entidad`) VALUES
(1, 1010254314),
(1, 1010254335),
(1, 1010254399),
(1, 1010297314);

--
-- Volcado de datos para la tabla `gestion_actividad`
--

INSERT INTO `gestion_actividad` (`actividad`, `perfil`, `e`) VALUES
('Añadir Contrato', 'ADMINISTRADOR', 1),
('Añadir Cuenta', 'ADMINISTRADOR', 1),
('Añadir Empleado', 'TALENTO HUMANO GENERAL', 1),
('Añadir Empleado', 'TH EMPLEADO', 1),
('Añadir Empresa', 'ADMINISTRADOR', 1),
('Añadir Entidad', 'ADMINISTRADOR', 1),
('Añadir Perfil', 'ADMINISTRADOR', 1),
('Añadir Usuario', 'ADMINISTRADOR', 1),
('Asignar Cuenta Talento Humano', 'ADMINISTRADOR', 1),
('Asignar Perfil', 'ADMINISTRADOR', 1),
('Buscar Contrato', 'ADMINISTRADOR', 1),
('Buscar Contrato', 'TALENTO HUMANO GENERAL', 1),
('Buscar Contrato', 'TH CONTRATOS', 1),
('Buscar Contrato por Empresa', 'ADMINISTRADOR', 1),
('Buscar Cuenta', 'ADMINISTRADOR', 1),
('Buscar Empleado', 'TALENTO HUMANO GENERAL', 1),
('Buscar Empleado', 'TH EMPLEADO', 1),
('Buscar Empresa', 'ADMINISTRADOR', 1),
('Buscar Entidad', 'ADMINISTRADOR', 1),
('Buscar Perfil', 'ADMINISTRADOR', 1),
('Buscar Usuario', 'ADMINISTRADOR', 1),
('Cambiar Contraseña Cuenta', 'ADMINISTRADOR', 1),
('Cambiar Estado Cuenta', 'ADMINISTRADOR', 1),
('Cambiar Perfil Cuenta', 'ADMINISTRADOR', 1),
('Cerrar Sesión', 'ADMINISTRADOR', 1),
('Cerrar Sesión', 'TALENTO HUMANO GENERAL', 1),
('Crear Contrato', 'TALENTO HUMANO GENERAL', 1),
('Crear Contrato', 'TH CONTRATOS', 1),
('Eliminar Contrato', 'ADMINISTRADOR', 1),
('Eliminar Cuenta', 'ADMINISTRADOR', 1),
('Eliminar Empresa', 'ADMINISTRADOR', 1),
('Eliminar Entidad', 'ADMINISTRADOR', 1),
('Eliminar Perfil', 'ADMINISTRADOR', 1),
('Eliminar Usuario', 'ADMINISTRADOR', 1),
('Generar Reporte', 'ADMINISTRADOR', 1),
('Generar Reporte', 'TALENTO HUMANO GENERAL', 1),
('Modificar Contrato', 'ADMINISTRADOR', 1),
('Modificar Contrato', 'TH CONTRATOS', 1),
('Modificar Cuenta', 'ADMINISTRADOR', 1),
('Modificar Empleado', 'TALENTO HUMANO GENERAL', 1),
('Modificar Empleado', 'TH EMPLEADO', 1),
('Modificar Empresa', 'ADMINISTRADOR', 1),
('Modificar Entidad', 'ADMINISTRADOR', 1),
('Modificar Perfil', 'ADMINISTRADOR', 1),
('Modificar Usuario', 'ADMINISTRADOR', 1),
('Necesito Ayuda', 'ADMINISTRADOR', 1),
('Necesito Ayuda', 'TALENTO HUMANO GENERAL', 1),
('Solicitar Cuenta Talento Humano', 'TALENTO HUMANO GENERAL', 1),
('Ver Comentarios', 'ADMINISTRADOR', 1),
('Ver Datos Cuenta', 'ADMINISTRADOR', 1),
('Ver Datos Cuenta', 'TALENTO HUMANO GENERAL', 1),
('Ver Todas las Cuentas', 'ADMINISTRADOR', 1),
('Ver Todas las Entidades', 'ADMINISTRADOR', 1),
('Ver Todas las Entidades', 'TALENTO HUMANO GENERAL', 1),
('Ver Todos las Empresas', 'ADMINISTRADOR', 1),
('Ver Todos los Contratos', 'ADMINISTRADOR', 1),
('Ver Todos los Contratos', 'TALENTO HUMANO GENERAL', 1),
('Ver Todos los Contratos', 'TH CONTRATOS', 1),
('Ver Todos los Empleados', 'TALENTO HUMANO GENERAL', 1),
('Ver Todos los Empleados', 'TH EMPLEADO', 1),
('Ver Todos los Perfiles', 'ADMINISTRADOR', 1),
('Ver Todos los Usuarios', 'ADMINISTRADOR', 1);

--
-- Volcado de datos para la tabla `gestion_elemento`
--

INSERT INTO `gestion_elemento` (`elemento`, `rol`) VALUES
('Ayuda', 'ADMINISTRADOR'),
('Contratos', 'ADMINISTRADOR'),
('Cuentas', 'ADMINISTRADOR'),
('Empresas', 'ADMINISTRADOR'),
('Entidades', 'ADMINISTRADOR'),
('Perfiles', 'ADMINISTRADOR'),
('Sesión', 'ADMINISTRADOR'),
('Usuarios', 'ADMINISTRADOR'),
('Ayuda', 'SUPER'),
('Ayuda', 'TALENTO HUMANO'),
('Contratos', 'TALENTO HUMANO'),
('Empleados', 'TALENTO HUMANO'),
('Entidades', 'TALENTO HUMANO'),
('Reportes', 'TALENTO HUMANO'),
('Sesión', 'TALENTO HUMANO');

--
-- Volcado de datos para la tabla `log`
--

INSERT INTO `log` (`cuenta`, `fecha`, `accion`, `descrip`, `e`) VALUES
('cJtGiaBdARQcqSnOLJssVQ+Gxt3o3jwrnIYk4newydelLkkVoCkFo2o0QJ+cd1Fi', '2020-10-09 17:03:43', 'Fin Sesión', 'Cerro Sesión sin Problema', 1),
('cJtGiaBdARQcqSnOLJssVQ+Gxt3o3jwrnIYk4newydelLkkVoCkFo2o0QJ+cd1Fi', '2020-10-11 17:45:24', 'Usuario Buscado', 'Se Buscaron los datos del Usuario:1000689373', 1),
('cJtGiaBdARQcqSnOLJssVQ+Gxt3o3jwrnIYk4newydelLkkVoCkFo2o0QJ+cd1Fi', '2020-10-11 17:49:40', 'Usuario Buscado', 'Se Buscaron los datos del Usuario:1000689373', 1),
('cJtGiaBdARQcqSnOLJssVQ+Gxt3o3jwrnIYk4newydelLkkVoCkFo2o0QJ+cd1Fi', '2020-10-11 17:50:25', 'Usuario Buscado', 'Se Buscaron los datos del Usuario:1000689373', 1),
('cJtGiaBdARQcqSnOLJssVQ+Gxt3o3jwrnIYk4newydelLkkVoCkFo2o0QJ+cd1Fi', '2020-10-11 17:52:57', 'Contrato Buscado', 'Se Buscaron los datos del Contrato:2 de la Empres:1', 1),
('cJtGiaBdARQcqSnOLJssVQ+Gxt3o3jwrnIYk4newydelLkkVoCkFo2o0QJ+cd1Fi', '2020-10-11 17:53:47', 'Contrato Buscado', 'Se Buscaron los datos del Contrato:2 de la Empres:1', 1),
('cJtGiaBdARQcqSnOLJssVQ+Gxt3o3jwrnIYk4newydelLkkVoCkFo2o0QJ+cd1Fi', '2020-10-11 21:48:17', 'Usuario Añadido Exitoso', 'Inserto los datos del Usuario:54', 1),
('cJtGiaBdARQcqSnOLJssVQ+Gxt3o3jwrnIYk4newydelLkkVoCkFo2o0QJ+cd1Fi', '2020-10-11 21:49:23', 'Usuario Buscado', 'Se Buscaron los datos del Usuario:54', 1),
('cJtGiaBdARQcqSnOLJssVQ+Gxt3o3jwrnIYk4newydelLkkVoCkFo2o0QJ+cd1Fi', '2020-10-11 21:50:14', 'Usuario Buscado', 'Se Buscaron los datos del Usuario:54', 1),
('cJtGiaBdARQcqSnOLJssVQ+Gxt3o3jwrnIYk4newydelLkkVoCkFo2o0QJ+cd1Fi', '2020-10-11 22:01:50', 'Contrato Añadido Exitoso', 'Inserto los datos del Contrato:3 de la empresa :1', 1),
('cJtGiaBdARQcqSnOLJssVQ+Gxt3o3jwrnIYk4newydelLkkVoCkFo2o0QJ+cd1Fi', '2020-10-12 19:11:25', 'Usuario Añadido Exitoso', 'Inserto los datos del Usuario:18', 1),
('cJtGiaBdARQcqSnOLJssVQ+Gxt3o3jwrnIYk4newydelLkkVoCkFo2o0QJ+cd1Fi', '2020-10-12 19:12:06', 'Cuenta Añadido Fallido', 'Las contraseñas no considieron', 1),
('cJtGiaBdARQcqSnOLJssVQ+Gxt3o3jwrnIYk4newydelLkkVoCkFo2o0QJ+cd1Fi', '2020-10-12 19:27:02', 'Cuenta Añadido Fallido', 'Las contraseñas no considieron', 1),
('cJtGiaBdARQcqSnOLJssVQ+Gxt3o3jwrnIYk4newydelLkkVoCkFo2o0QJ+cd1Fi', '2020-10-12 19:27:22', 'Cuenta Añadido Fallido', 'Las contraseñas no considieron', 1),
('cJtGiaBdARQcqSnOLJssVQ+Gxt3o3jwrnIYk4newydelLkkVoCkFo2o0QJ+cd1Fi', '2020-10-12 19:32:43', 'Cuenta Añadido Fallido', 'Las contraseñas no considieron', 1),
('cJtGiaBdARQcqSnOLJssVQ+Gxt3o3jwrnIYk4newydelLkkVoCkFo2o0QJ+cd1Fi', '2020-10-12 19:40:48', 'Usuario Añadido Exitoso', 'Inserto los datos del Usuario:', 1),
('cJtGiaBdARQcqSnOLJssVQ+Gxt3o3jwrnIYk4newydelLkkVoCkFo2o0QJ+cd1Fi', '2020-10-13 00:03:33', 'Ingreso Fallido', 'La cuenta de este usuario se encuentra BLOQUEADA, pero trato de ingresar', 1),
('cJtGiaBdARQcqSnOLJssVQ+Gxt3o3jwrnIYk4newydelLkkVoCkFo2o0QJ+cd1Fi', '2020-10-13 12:12:17', 'Empleados Vistos', 'Se vieron todos los registros de Empleados de ', 1),
('cJtGiaBdARQcqSnOLJssVQ+Gxt3o3jwrnIYk4newydelLkkVoCkFo2o0QJ+cd1Fi', '2020-10-13 12:13:01', 'Empleados Vistos', 'Se vieron todos los registros de todas las Cuentas de APPAUSA WEB', 1),
('cJtGiaBdARQcqSnOLJssVQ+Gxt3o3jwrnIYk4newydelLkkVoCkFo2o0QJ+cd1Fi', '2020-10-13 12:13:45', 'Contratos Vistos', 'Se vieron todos los registros de los Contratos', 1),
('cJtGiaBdARQcqSnOLJssVQ+Gxt3o3jwrnIYk4newydelLkkVoCkFo2o0QJ+cd1Fi', '2020-10-13 12:13:48', 'Empleados Vistos', 'Se vieron todos los registros de todas las Cuentas de APPAUSA WEB', 1),
('cJtGiaBdARQcqSnOLJssVQ+Gxt3o3jwrnIYk4newydelLkkVoCkFo2o0QJ+cd1Fi', '2020-10-13 12:13:53', 'Empleados Vistos', 'Se vieron todos los registros de todas las Cuentas de APPAUSA WEB', 1),
('cJtGiaBdARQcqSnOLJssVQ+Gxt3o3jwrnIYk4newydelLkkVoCkFo2o0QJ+cd1Fi', '2020-10-13 13:23:15', 'Usuario Buscado', 'Se Buscaron los datos del Usuario:1000689373', 1),
('cJtGiaBdARQcqSnOLJssVQ+Gxt3o3jwrnIYk4newydelLkkVoCkFo2o0QJ+cd1Fi', '2020-10-13 13:45:15', 'Usuarios Vistos', 'Se vieron todos los registros de Usuarios de APPAUSA WEB', 1),
('cJtGiaBdARQcqSnOLJssVQ+Gxt3o3jwrnIYk4newydelLkkVoCkFo2o0QJ+cd1Fi', '2020-10-13 13:55:24', 'Contrato Buscado', 'Se Buscaron los datos del Contrato:2 de la Empresa:1', 1),
('cJtGiaBdARQcqSnOLJssVQ+Gxt3o3jwrnIYk4newydelLkkVoCkFo2o0QJ+cd1Fi', '2020-10-13 13:55:36', 'Contratos Vistos', 'Se vieron todos los registros de los Contratos', 1),
('cJtGiaBdARQcqSnOLJssVQ+Gxt3o3jwrnIYk4newydelLkkVoCkFo2o0QJ+cd1Fi', '2020-10-13 13:55:38', 'Empleados Vistos', 'Se vieron todos los registros de todas las Cuentas de APPAUSA WEB', 1),
('cJtGiaBdARQcqSnOLJssVQ+Gxt3o3jwrnIYk4newydelLkkVoCkFo2o0QJ+cd1Fi', '2020-10-13 13:55:44', 'Cuenta Buscado', 'Se Buscaron los datos de la Cuenta:1000689373 ', 1),
('cJtGiaBdARQcqSnOLJssVQ+Gxt3o3jwrnIYk4newydelLkkVoCkFo2o0QJ+cd1Fi', '2020-10-13 13:59:20', 'Usuario Buscado', 'Se Buscaron los datos del Usuario:1000689373', 1),
('cJtGiaBdARQcqSnOLJssVQ+Gxt3o3jwrnIYk4newydelLkkVoCkFo2o0QJ+cd1Fi', '2020-10-13 13:59:25', 'Cuenta Buscado', 'Se Buscaron los datos de la Cuenta:1000689373 ', 1),
('cJtGiaBdARQcqSnOLJssVQ+Gxt3o3jwrnIYk4newydelLkkVoCkFo2o0QJ+cd1Fi', '2020-10-13 13:59:52', 'Cuenta Buscado', 'Se Buscaron los datos de la Cuenta:1000689373 ', 1),
('cJtGiaBdARQcqSnOLJssVQ+Gxt3o3jwrnIYk4newydelLkkVoCkFo2o0QJ+cd1Fi', '2020-10-13 14:00:26', 'Cuenta Buscado', 'Se Buscaron los datos de la Cuenta:1000689373 ', 1),
('cJtGiaBdARQcqSnOLJssVQ+Gxt3o3jwrnIYk4newydelLkkVoCkFo2o0QJ+cd1Fi', '2020-10-13 14:00:44', 'Cuenta Buscado', 'Se Buscaron los datos de la Cuenta:1000689373 ', 1),
('cJtGiaBdARQcqSnOLJssVQ+Gxt3o3jwrnIYk4newydelLkkVoCkFo2o0QJ+cd1Fi', '2020-10-13 14:01:41', 'Cuenta Buscado', 'Se Buscaron los datos de la Cuenta:1000689373 ', 1),
('cJtGiaBdARQcqSnOLJssVQ+Gxt3o3jwrnIYk4newydelLkkVoCkFo2o0QJ+cd1Fi', '2020-10-13 14:02:03', 'Cuenta Buscado', 'Se Buscaron los datos de la Cuenta:1000689373 ', 1),
('cJtGiaBdARQcqSnOLJssVQ+Gxt3o3jwrnIYk4newydelLkkVoCkFo2o0QJ+cd1Fi', '2020-10-13 14:02:06', 'Cuenta Buscado', 'Se Buscaron los datos de la Cuenta:1000689373 ', 1),
('cJtGiaBdARQcqSnOLJssVQ+Gxt3o3jwrnIYk4newydelLkkVoCkFo2o0QJ+cd1Fi', '2020-10-13 14:02:08', 'Usuario Buscado', 'Se Buscaron los datos del Usuario:1000689373', 1),
('cJtGiaBdARQcqSnOLJssVQ+Gxt3o3jwrnIYk4newydelLkkVoCkFo2o0QJ+cd1Fi', '2020-10-13 14:04:43', 'Usuario Buscado', 'Se Buscaron los datos del Usuario:1000689373', 1),
('cJtGiaBdARQcqSnOLJssVQ+Gxt3o3jwrnIYk4newydelLkkVoCkFo2o0QJ+cd1Fi', '2020-10-13 14:05:23', 'Usuario Buscado', 'Se Buscaron los datos del Usuario:1000689373', 1),
('cJtGiaBdARQcqSnOLJssVQ+Gxt3o3jwrnIYk4newydelLkkVoCkFo2o0QJ+cd1Fi', '2020-10-13 14:07:08', 'Usuarios Vistos', 'Se vieron todos los registros de Usuarios de APPAUSA WEB', 1),
('cJtGiaBdARQcqSnOLJssVQ+Gxt3o3jwrnIYk4newydelLkkVoCkFo2o0QJ+cd1Fi', '2020-10-13 14:07:44', 'Empleados Vistos', 'Se vieron todos los registros de todas las Cuentas de APPAUSA WEB', 1),
('cJtGiaBdARQcqSnOLJssVQ+Gxt3o3jwrnIYk4newydelLkkVoCkFo2o0QJ+cd1Fi', '2020-10-13 14:09:54', 'Usuarios Vistos', 'Se vieron todos los registros de Usuarios de APPAUSA WEB', 1),
('cJtGiaBdARQcqSnOLJssVQ+Gxt3o3jwrnIYk4newydelLkkVoCkFo2o0QJ+cd1Fi', '2020-10-13 14:12:44', 'Usuarios Vistos', 'Se vieron todos los registros de Usuarios de APPAUSA WEB', 1),
('cJtGiaBdARQcqSnOLJssVQ+Gxt3o3jwrnIYk4newydelLkkVoCkFo2o0QJ+cd1Fi', '2020-10-13 14:13:40', 'Usuarios Vistos', 'Se vieron todos los registros de Usuarios de APPAUSA WEB', 1),
('cJtGiaBdARQcqSnOLJssVQ+Gxt3o3jwrnIYk4newydelLkkVoCkFo2o0QJ+cd1Fi', '2020-10-13 14:13:53', 'Usuarios Vistos', 'Se vieron todos los registros de Usuarios de APPAUSA WEB', 1),
('cJtGiaBdARQcqSnOLJssVQ+Gxt3o3jwrnIYk4newydelLkkVoCkFo2o0QJ+cd1Fi', '2020-10-14 14:46:06', 'Usuario Añadido Fallido', 'Conflico con los datos del usuario(1000373689, Cedula Ciudadania, , , 2000-09-12, 20, 9v/zzvgDbL90xqs4/BdPtpO6MT1Nv5TbG7gK4+vlSyM=, 314789451, ADMINISTRADOR,1)', 1),
('cJtGiaBdARQcqSnOLJssVQ+Gxt3o3jwrnIYk4newydelLkkVoCkFo2o0QJ+cd1Fi', '2020-10-14 14:48:27', 'Usuario Añadido Fallido', 'Conflico con los datos del usuario(1000373689, Cedula Ciudadania, , , 2000-12-28, 19, 9v/zzvgDbL90xqs4/BdPtpO6MT1Nv5TbG7gK4+vlSyM=, 3147894512, ADMINISTRADOR,1)', 1),
('cJtGiaBdARQcqSnOLJssVQ+Gxt3o3jwrnIYk4newydelLkkVoCkFo2o0QJ+cd1Fi', '2020-10-14 14:50:32', 'Usuario Añadido Fallido', 'Conflico con los datos del usuario(1000373689, Cedula Ciudadania, , , 2000-12-28, 19, 9v/zzvgDbL90xqs4/BdPtpO6MT1Nv5TbG7gK4+vlSyM=, 3147894512, ADMINISTRADOR,1)', 1),
('cJtGiaBdARQcqSnOLJssVQ+Gxt3o3jwrnIYk4newydelLkkVoCkFo2o0QJ+cd1Fi', '2020-10-14 15:41:36', 'Usuario Añadido Fallido', 'Conflico con los datos del usuario(1000373689, Cedula Ciudadania, , , 2000-12-28, 19, 9v/zzvgDbL90xqs4/BdPtpO6MT1Nv5TbG7gK4+vlSyM=, 3147894512, ADMINISTRADOR,1)', 1),
('cJtGiaBdARQcqSnOLJssVQ+Gxt3o3jwrnIYk4newydelLkkVoCkFo2o0QJ+cd1Fi', '2020-10-14 16:09:29', 'Usuario Añadido Fallido', 'Conflico con los datos del usuario(1000373689, 0, , , 2000-12-28, 19, 9v/zzvgDbL90xqs4/BdPtpO6MT1Nv5TbG7gK4+vlSyM=, 3147894512, 0,1)', 1),
('cJtGiaBdARQcqSnOLJssVQ+Gxt3o3jwrnIYk4newydelLkkVoCkFo2o0QJ+cd1Fi', '2020-10-16 15:03:32', 'Contratos Vistos', 'Se vieron todos los registros de los Contratos', 1),
('cJtGiaBdARQcqSnOLJssVQ+Gxt3o3jwrnIYk4newydelLkkVoCkFo2o0QJ+cd1Fi', '2020-10-16 15:04:27', 'Contratos Vistos', 'Se vieron todos los registros de los Contratos', 1),
('cJtGiaBdARQcqSnOLJssVQ+Gxt3o3jwrnIYk4newydelLkkVoCkFo2o0QJ+cd1Fi', '2020-10-16 15:05:23', 'Contratos Vistos', 'Se vieron todos los registros de los Contratos', 1),
('cJtGiaBdARQcqSnOLJssVQ+Gxt3o3jwrnIYk4newydelLkkVoCkFo2o0QJ+cd1Fi', '2020-10-16 15:06:15', 'Contratos Vistos', 'Se vieron todos los registros de los Contratos', 1),
('cJtGiaBdARQcqSnOLJssVQ+Gxt3o3jwrnIYk4newydelLkkVoCkFo2o0QJ+cd1Fi', '2020-10-16 15:28:54', 'Empleados Vistos', 'Se vieron todos los registros de todas las Cuentas de APPAUSA WEB', 1),
('cJtGiaBdARQcqSnOLJssVQ+Gxt3o3jwrnIYk4newydelLkkVoCkFo2o0QJ+cd1Fi', '2020-10-16 15:29:36', 'Empleados Vistos', 'Se vieron todos los registros de todas las Cuentas de APPAUSA WEB', 1),
('cJtGiaBdARQcqSnOLJssVQ+Gxt3o3jwrnIYk4newydelLkkVoCkFo2o0QJ+cd1Fi', '2020-10-21 11:56:16', 'Usuario Buscado', 'Se Buscaron los datos del Usuario:1000689373', 1),
('cJtGiaBdARQcqSnOLJssVQ+Gxt3o3jwrnIYk4newydelLkkVoCkFo2o0QJ+cd1Fi', '2020-10-21 12:00:25', 'Cuenta Buscado', 'Se Buscaron los datos de la Cuenta:1000689373 ', 1),
('cJtGiaBdARQcqSnOLJssVQ+Gxt3o3jwrnIYk4newydelLkkVoCkFo2o0QJ+cd1Fi', '2020-10-21 12:01:06', 'Cuenta Buscado', 'Se Buscaron los datos de la Cuenta:1000689373 ', 1),
('cJtGiaBdARQcqSnOLJssVQ+Gxt3o3jwrnIYk4newydelLkkVoCkFo2o0QJ+cd1Fi', '2020-10-21 12:03:10', 'Cuenta Buscado', 'Se Buscaron los datos de la Cuenta:1000689373 ', 1),
('cJtGiaBdARQcqSnOLJssVQ+Gxt3o3jwrnIYk4newydelLkkVoCkFo2o0QJ+cd1Fi', '2020-10-21 12:04:10', 'Cuenta Buscado', 'Se Buscaron los datos de la Cuenta:1000689373 ', 1),
('cJtGiaBdARQcqSnOLJssVQ+Gxt3o3jwrnIYk4newydelLkkVoCkFo2o0QJ+cd1Fi', '2020-10-21 12:04:46', 'Cuenta Buscado', 'Se Buscaron los datos de la Cuenta:1000689373 ', 1),
('cJtGiaBdARQcqSnOLJssVQ+Gxt3o3jwrnIYk4newydelLkkVoCkFo2o0QJ+cd1Fi', '2020-10-21 12:12:57', 'Cuenta Buscado', 'Se Buscaron los datos de la Cuenta: ', 1),
('cJtGiaBdARQcqSnOLJssVQ+Gxt3o3jwrnIYk4newydelLkkVoCkFo2o0QJ+cd1Fi', '2020-10-21 12:14:36', 'Cuenta Buscado', 'Se Buscaron los datos de la Cuenta:18 ', 1),
('cJtGiaBdARQcqSnOLJssVQ+Gxt3o3jwrnIYk4newydelLkkVoCkFo2o0QJ+cd1Fi', '2020-10-21 12:37:51', 'Cuenta Modificado Fallido', 'Conflicto con la actualizacion del estado de la cuenta del usuario : appausa_user', 1),
('cJtGiaBdARQcqSnOLJssVQ+Gxt3o3jwrnIYk4newydelLkkVoCkFo2o0QJ+cd1Fi', '2020-10-21 12:40:09', 'Cuenta Modificado Fallido', 'Conflicto con la actualizacion del estado de la cuenta del usuario : appausa_user', 1),
('cJtGiaBdARQcqSnOLJssVQ+Gxt3o3jwrnIYk4newydelLkkVoCkFo2o0QJ+cd1Fi', '2020-10-21 12:40:52', 'Cuenta Modificado Fallido', 'Conflicto con la actualizacion del estado de la cuenta del usuario : appausa_user', 1),
('cJtGiaBdARQcqSnOLJssVQ+Gxt3o3jwrnIYk4newydelLkkVoCkFo2o0QJ+cd1Fi', '2020-10-21 12:45:54', 'Cuenta Modificado Fallido', 'Conflicto con la actualizacion del estado de la cuenta del usuario : appausa_user', 1),
('cJtGiaBdARQcqSnOLJssVQ+Gxt3o3jwrnIYk4newydelLkkVoCkFo2o0QJ+cd1Fi', '2020-10-21 12:46:58', 'Cuenta Buscado', 'Se Buscaron los datos de la Cuenta:18 ', 1),
('cJtGiaBdARQcqSnOLJssVQ+Gxt3o3jwrnIYk4newydelLkkVoCkFo2o0QJ+cd1Fi', '2020-10-21 12:47:39', 'Cuenta Buscado', 'Se Buscaron los datos de la Cuenta:18 ', 1),
('cJtGiaBdARQcqSnOLJssVQ+Gxt3o3jwrnIYk4newydelLkkVoCkFo2o0QJ+cd1Fi', '2020-10-21 12:47:43', 'Cuenta Buscado', 'Se Buscaron los datos de la Cuenta:18 ', 1),
('cJtGiaBdARQcqSnOLJssVQ+Gxt3o3jwrnIYk4newydelLkkVoCkFo2o0QJ+cd1Fi', '2020-10-21 12:47:44', 'Cuenta Buscado', 'Se Buscaron los datos de la Cuenta:18 ', 1),
('cJtGiaBdARQcqSnOLJssVQ+Gxt3o3jwrnIYk4newydelLkkVoCkFo2o0QJ+cd1Fi', '2020-10-21 12:47:45', 'Cuenta Buscado', 'Se Buscaron los datos de la Cuenta:18 ', 1),
('cJtGiaBdARQcqSnOLJssVQ+Gxt3o3jwrnIYk4newydelLkkVoCkFo2o0QJ+cd1Fi', '2020-10-21 12:47:46', 'Cuenta Buscado', 'Se Buscaron los datos de la Cuenta:18 ', 1),
('cJtGiaBdARQcqSnOLJssVQ+Gxt3o3jwrnIYk4newydelLkkVoCkFo2o0QJ+cd1Fi', '2020-10-21 14:11:28', 'Cuenta Eliminado Fallido', 'Se trato de ocultar los datos de la cuenta del usuario : appausa_user', 1),
('cJtGiaBdARQcqSnOLJssVQ+Gxt3o3jwrnIYk4newydelLkkVoCkFo2o0QJ+cd1Fi', '2020-10-21 14:11:49', 'Cuenta Buscado', 'Se Buscaron los datos de la Cuenta:18 ', 1),
('cJtGiaBdARQcqSnOLJssVQ+Gxt3o3jwrnIYk4newydelLkkVoCkFo2o0QJ+cd1Fi', '2020-10-21 14:21:28', 'Empleados Vistos', 'Se vieron todos los registros de todas las Cuentas de APPAUSA WEB', 1),
('cJtGiaBdARQcqSnOLJssVQ+Gxt3o3jwrnIYk4newydelLkkVoCkFo2o0QJ+cd1Fi', '2020-10-21 14:21:36', 'Empleados Vistos', 'Se vieron todos los registros de todas las Cuentas de APPAUSA WEB', 1),
('cJtGiaBdARQcqSnOLJssVQ+Gxt3o3jwrnIYk4newydelLkkVoCkFo2o0QJ+cd1Fi', '2020-10-21 14:21:49', 'Empleados Vistos', 'Se vieron todos los registros de todas las Cuentas de APPAUSA WEB', 1),
('cJtGiaBdARQcqSnOLJssVQ+Gxt3o3jwrnIYk4newydelLkkVoCkFo2o0QJ+cd1Fi', '2020-10-21 17:45:28', 'Usuario Añadido Fallido', '(,,,,,,,,TALENTO HUMANO,1)', 1),
('cJtGiaBdARQcqSnOLJssVQ+Gxt3o3jwrnIYk4newydelLkkVoCkFo2o0QJ+cd1Fi', '2020-10-21 17:48:01', 'Perfil Añadido Exitoso', 'Inserto los datos del Perfil:TH CONTRATOS', 1),
('cJtGiaBdARQcqSnOLJssVQ+Gxt3o3jwrnIYk4newydelLkkVoCkFo2o0QJ+cd1Fi', '2020-10-21 21:34:40', 'Perfil Añadido Exitoso', 'Inserto los datos del Perfil:TH CONTRATOS', 1),
('cJtGiaBdARQcqSnOLJssVQ+Gxt3o3jwrnIYk4newydelLkkVoCkFo2o0QJ+cd1Fi', '2020-10-21 22:25:22', 'Cuenta Buscado', 'Se Buscaron los datos de la Cuenta: ', 1),
('cJtGiaBdARQcqSnOLJssVQ+Gxt3o3jwrnIYk4newydelLkkVoCkFo2o0QJ+cd1Fi', '2020-10-21 22:25:36', 'Cuenta Buscado', 'Se Buscaron los datos de la Cuenta: ', 1),
('cJtGiaBdARQcqSnOLJssVQ+Gxt3o3jwrnIYk4newydelLkkVoCkFo2o0QJ+cd1Fi', '2020-10-21 22:25:47', 'Cuenta Buscado', 'Se Buscaron los datos de la Cuenta:ADMINISTRADOR ', 1),
('cJtGiaBdARQcqSnOLJssVQ+Gxt3o3jwrnIYk4newydelLkkVoCkFo2o0QJ+cd1Fi', '2020-10-21 22:26:59', 'Cuenta Buscado', 'Se Buscaron los datos de la Cuenta:ADMINISTRADOR ', 1),
('cJtGiaBdARQcqSnOLJssVQ+Gxt3o3jwrnIYk4newydelLkkVoCkFo2o0QJ+cd1Fi', '2020-10-21 22:27:56', 'Cuenta Buscado', 'Se Buscaron los datos de la Cuenta:ADMINISTRADOR ', 1),
('cJtGiaBdARQcqSnOLJssVQ+Gxt3o3jwrnIYk4newydelLkkVoCkFo2o0QJ+cd1Fi', '2020-10-21 22:28:23', 'Cuenta Buscado', 'Se Buscaron los datos de la Cuenta:ADMINISTRADOR ', 1),
('cJtGiaBdARQcqSnOLJssVQ+Gxt3o3jwrnIYk4newydelLkkVoCkFo2o0QJ+cd1Fi', '2020-10-21 22:29:23', 'Cuenta Buscado', 'Se Buscaron los datos de la Cuenta:ADMINISTRADOR ', 1),
('cJtGiaBdARQcqSnOLJssVQ+Gxt3o3jwrnIYk4newydelLkkVoCkFo2o0QJ+cd1Fi', '2020-10-21 22:30:25', 'Cuenta Buscado', 'Se Buscaron los datos de la Cuenta:ADMINISTRADOR ', 1),
('cJtGiaBdARQcqSnOLJssVQ+Gxt3o3jwrnIYk4newydelLkkVoCkFo2o0QJ+cd1Fi', '2020-10-21 22:30:28', 'Cuenta Buscado', 'Se Buscaron los datos de la Cuenta:ADMINISTRADOR ', 1),
('cJtGiaBdARQcqSnOLJssVQ+Gxt3o3jwrnIYk4newydelLkkVoCkFo2o0QJ+cd1Fi', '2020-10-21 22:30:31', 'Cuenta Buscado', 'Se Buscaron los datos de la Cuenta:ADMINISTRADOR ', 1),
('cJtGiaBdARQcqSnOLJssVQ+Gxt3o3jwrnIYk4newydelLkkVoCkFo2o0QJ+cd1Fi', '2020-10-21 22:31:47', 'Cuenta Buscado', 'Se Buscaron los datos de la Cuenta:ADMINISTRADOR ', 1),
('cJtGiaBdARQcqSnOLJssVQ+Gxt3o3jwrnIYk4newydelLkkVoCkFo2o0QJ+cd1Fi', '2020-10-21 22:31:48', 'Cuenta Buscado', 'Se Buscaron los datos de la Cuenta: ', 1),
('cJtGiaBdARQcqSnOLJssVQ+Gxt3o3jwrnIYk4newydelLkkVoCkFo2o0QJ+cd1Fi', '2020-10-21 22:31:50', 'Cuenta Buscado', 'Se Buscaron los datos de la Cuenta:ADMINISTRADOR ', 1),
('cJtGiaBdARQcqSnOLJssVQ+Gxt3o3jwrnIYk4newydelLkkVoCkFo2o0QJ+cd1Fi', '2020-10-21 22:34:46', 'Cuenta Buscado', 'Se Buscaron los datos de la Cuenta:ADMINISTRADOR ', 1),
('cJtGiaBdARQcqSnOLJssVQ+Gxt3o3jwrnIYk4newydelLkkVoCkFo2o0QJ+cd1Fi', '2020-10-21 22:35:10', 'Cuenta Buscado', 'Se Buscaron los datos de la Cuenta:ADMINISTRADOR ', 1),
('cJtGiaBdARQcqSnOLJssVQ+Gxt3o3jwrnIYk4newydelLkkVoCkFo2o0QJ+cd1Fi', '2020-10-21 22:35:25', 'Cuenta Buscado', 'Se Buscaron los datos de la Cuenta:TALENTO HUMANO GENERAL ', 1),
('cJtGiaBdARQcqSnOLJssVQ+Gxt3o3jwrnIYk4newydelLkkVoCkFo2o0QJ+cd1Fi', '2020-10-21 22:51:09', 'Cuenta Buscado', 'Se Buscaron los datos de la Cuenta:TALENTO HUMANO GENERAL ', 1),
('cJtGiaBdARQcqSnOLJssVQ+Gxt3o3jwrnIYk4newydelLkkVoCkFo2o0QJ+cd1Fi', '2020-10-21 22:51:34', 'Cuenta Buscado', 'Se Buscaron los datos de la Cuenta:TALENTO HUMANO GENERAL ', 1),
('cJtGiaBdARQcqSnOLJssVQ+Gxt3o3jwrnIYk4newydelLkkVoCkFo2o0QJ+cd1Fi', '2020-10-21 22:52:46', 'Cuenta Buscado', 'Se Buscaron los datos de la Cuenta: ', 1),
('cJtGiaBdARQcqSnOLJssVQ+Gxt3o3jwrnIYk4newydelLkkVoCkFo2o0QJ+cd1Fi', '2020-10-21 22:54:56', 'Cuenta Buscado', 'Se Buscaron los datos de la Cuenta:TALENTO HUMANO GENERAL ', 1),
('cJtGiaBdARQcqSnOLJssVQ+Gxt3o3jwrnIYk4newydelLkkVoCkFo2o0QJ+cd1Fi', '2020-10-21 22:55:12', 'Cuenta Buscado', 'Se Buscaron los datos de la Cuenta: ', 1),
('cJtGiaBdARQcqSnOLJssVQ+Gxt3o3jwrnIYk4newydelLkkVoCkFo2o0QJ+cd1Fi', '2020-10-21 22:57:55', 'Cuenta Buscado', 'Se Buscaron los datos de la Cuenta:TALENTO HUMANO GENERAL ', 1),
('cJtGiaBdARQcqSnOLJssVQ+Gxt3o3jwrnIYk4newydelLkkVoCkFo2o0QJ+cd1Fi', '2020-10-21 22:58:06', 'Cuenta Buscado', 'Se Buscaron los datos de la Cuenta: ', 1),
('cJtGiaBdARQcqSnOLJssVQ+Gxt3o3jwrnIYk4newydelLkkVoCkFo2o0QJ+cd1Fi', '2020-10-21 23:26:14', 'Perfil Buscado', 'Se Buscaron los datos del perfil: ', 1),
('cJtGiaBdARQcqSnOLJssVQ+Gxt3o3jwrnIYk4newydelLkkVoCkFo2o0QJ+cd1Fi', '2020-10-21 23:26:37', 'Perfil Buscado', 'Se Buscaron los datos del perfil:TALENTO HUMANO GENERAL ', 1),
('cJtGiaBdARQcqSnOLJssVQ+Gxt3o3jwrnIYk4newydelLkkVoCkFo2o0QJ+cd1Fi', '2020-10-21 23:27:08', 'Perfil Buscado', 'Se Buscaron los datos del perfil: ', 1),
('cJtGiaBdARQcqSnOLJssVQ+Gxt3o3jwrnIYk4newydelLkkVoCkFo2o0QJ+cd1Fi', '2020-10-21 23:32:58', 'Perfil Añadido Exitoso', 'Inserto los datos del Perfil:TH CONTRATOS', 1),
('cJtGiaBdARQcqSnOLJssVQ+Gxt3o3jwrnIYk4newydelLkkVoCkFo2o0QJ+cd1Fi', '2020-10-21 23:33:40', 'Perfil Buscado', 'Se Buscaron los datos del perfil: ', 1),
('cJtGiaBdARQcqSnOLJssVQ+Gxt3o3jwrnIYk4newydelLkkVoCkFo2o0QJ+cd1Fi', '2020-10-21 23:44:37', 'Perfil Buscado', 'Se Buscaron los datos del perfil:TH CONTRATOS ', 1),
('cJtGiaBdARQcqSnOLJssVQ+Gxt3o3jwrnIYk4newydelLkkVoCkFo2o0QJ+cd1Fi', '2020-10-21 23:44:40', 'Perfil Buscado', 'Se Buscaron los datos del perfil: ', 1),
('cJtGiaBdARQcqSnOLJssVQ+Gxt3o3jwrnIYk4newydelLkkVoCkFo2o0QJ+cd1Fi', '2020-10-21 23:46:05', 'Perfil Buscado', 'Se Buscaron los datos del perfil:TH CONTRATOS ', 1),
('cJtGiaBdARQcqSnOLJssVQ+Gxt3o3jwrnIYk4newydelLkkVoCkFo2o0QJ+cd1Fi', '2020-10-21 23:46:06', 'Perfil Buscado', 'Se Buscaron los datos del perfil: ', 1),
('cJtGiaBdARQcqSnOLJssVQ+Gxt3o3jwrnIYk4newydelLkkVoCkFo2o0QJ+cd1Fi', '2020-10-21 23:47:07', 'Perfil Buscado', 'Se Buscaron los datos del perfil:TH CONTRATOS ', 1),
('cJtGiaBdARQcqSnOLJssVQ+Gxt3o3jwrnIYk4newydelLkkVoCkFo2o0QJ+cd1Fi', '2020-10-21 23:50:12', 'Perfil Buscado', 'Se Buscaron los datos del perfil:TH CONTRATOS ', 1),
('cJtGiaBdARQcqSnOLJssVQ+Gxt3o3jwrnIYk4newydelLkkVoCkFo2o0QJ+cd1Fi', '2020-10-21 23:55:02', 'Perfiles Vistos', 'Se vieron todos los perfiles del sistema', 1),
('cJtGiaBdARQcqSnOLJssVQ+Gxt3o3jwrnIYk4newydelLkkVoCkFo2o0QJ+cd1Fi', '2020-10-21 23:55:28', 'Perfiles Vistos', 'Se vieron todos los perfiles del sistema', 1),
('cJtGiaBdARQcqSnOLJssVQ+Gxt3o3jwrnIYk4newydelLkkVoCkFo2o0QJ+cd1Fi', '2020-10-21 23:56:15', 'Perfiles Vistos', 'Se vieron todos los perfiles del sistema', 1),
('cJtGiaBdARQcqSnOLJssVQ+Gxt3o3jwrnIYk4newydelLkkVoCkFo2o0QJ+cd1Fi', '2020-10-21 23:56:56', 'Perfiles Vistos', 'Se vieron todos los perfiles del sistema', 1),
('cJtGiaBdARQcqSnOLJssVQ+Gxt3o3jwrnIYk4newydelLkkVoCkFo2o0QJ+cd1Fi', '2020-10-21 23:58:08', 'Perfiles Vistos', 'Se vieron todos los perfiles del sistema', 1),
('cJtGiaBdARQcqSnOLJssVQ+Gxt3o3jwrnIYk4newydelLkkVoCkFo2o0QJ+cd1Fi', '2020-10-21 23:58:42', 'Perfiles Vistos', 'Se vieron todos los perfiles del sistema', 1),
('cJtGiaBdARQcqSnOLJssVQ+Gxt3o3jwrnIYk4newydelLkkVoCkFo2o0QJ+cd1Fi', '2020-10-22 00:01:09', 'Perfiles Vistos', 'Se vieron todos los perfiles del sistema', 1),
('cJtGiaBdARQcqSnOLJssVQ+Gxt3o3jwrnIYk4newydelLkkVoCkFo2o0QJ+cd1Fi', '2020-10-22 10:26:39', 'Perfiles Vistos', 'Se vieron todos los perfiles del sistema', 1),
('cJtGiaBdARQcqSnOLJssVQ+Gxt3o3jwrnIYk4newydelLkkVoCkFo2o0QJ+cd1Fi', '2020-10-22 10:27:16', 'Perfiles Vistos', 'Se vieron todos los perfiles del sistema', 1),
('cJtGiaBdARQcqSnOLJssVQ+Gxt3o3jwrnIYk4newydelLkkVoCkFo2o0QJ+cd1Fi', '2020-10-22 10:27:20', 'Perfiles Vistos', 'Se vieron todos los perfiles del sistema', 1),
('cJtGiaBdARQcqSnOLJssVQ+Gxt3o3jwrnIYk4newydelLkkVoCkFo2o0QJ+cd1Fi', '2020-10-22 10:30:12', 'Perfiles Vistos', 'Se vieron todos los perfiles del sistema', 1),
('cJtGiaBdARQcqSnOLJssVQ+Gxt3o3jwrnIYk4newydelLkkVoCkFo2o0QJ+cd1Fi', '2020-10-22 10:30:14', 'Perfil Eliminado Exitoso', 'Se ocultaron los datos del perfil: SUPER', 1),
('cJtGiaBdARQcqSnOLJssVQ+Gxt3o3jwrnIYk4newydelLkkVoCkFo2o0QJ+cd1Fi', '2020-10-22 10:31:28', 'Perfiles Vistos', 'Se vieron todos los perfiles del sistema', 1),
('cJtGiaBdARQcqSnOLJssVQ+Gxt3o3jwrnIYk4newydelLkkVoCkFo2o0QJ+cd1Fi', '2020-10-22 10:32:33', 'Contratos Vistos', 'Se vieron todos los registros de los Contratos', 1),
('cJtGiaBdARQcqSnOLJssVQ+Gxt3o3jwrnIYk4newydelLkkVoCkFo2o0QJ+cd1Fi', '2020-10-22 10:32:36', 'Empleados Vistos', 'Se vieron todos los registros de todas las Cuentas de APPAUSA WEB', 1),
('cJtGiaBdARQcqSnOLJssVQ+Gxt3o3jwrnIYk4newydelLkkVoCkFo2o0QJ+cd1Fi', '2020-10-22 10:34:21', 'Cuentas Vistas', 'Se vieron todos los registros de todas las Cuentas de APPAUSA WEB', 1),
('cJtGiaBdARQcqSnOLJssVQ+Gxt3o3jwrnIYk4newydelLkkVoCkFo2o0QJ+cd1Fi', '2020-10-22 11:11:46', 'Cuentas Vistas', 'Se vieron todos los registros de todas las Cuentas de APPAUSA WEB', 1),
('cJtGiaBdARQcqSnOLJssVQ+Gxt3o3jwrnIYk4newydelLkkVoCkFo2o0QJ+cd1Fi', '2020-10-22 11:11:49', 'Registro de Actividad Visto', 'Se vieron los registros de actividad de la cuenta asociada al correo: lfvelascot@academia.usbbog.edu.co', 1),
('cJtGiaBdARQcqSnOLJssVQ+Gxt3o3jwrnIYk4newydelLkkVoCkFo2o0QJ+cd1Fi', '2020-10-22 11:12:04', 'Registro de Actividad Visto', 'Se vieron los registros de actividad de la cuenta asociada al correo: lfvelascot@academia.usbbog.edu.co', 1),
('cJtGiaBdARQcqSnOLJssVQ+Gxt3o3jwrnIYk4newydelLkkVoCkFo2o0QJ+cd1Fi', '2020-10-22 11:22:36', 'Perfiles Vistos', 'Se vieron todos los perfiles del sistema', 1),
('cJtGiaBdARQcqSnOLJssVQ+Gxt3o3jwrnIYk4newydelLkkVoCkFo2o0QJ+cd1Fi', '2020-10-22 12:32:52', 'Perfil Añadido Exitoso', 'Inserto los datos del Perfil:TH EMPLEADOS', 1),
('cJtGiaBdARQcqSnOLJssVQ+Gxt3o3jwrnIYk4newydelLkkVoCkFo2o0QJ+cd1Fi', '2020-10-22 12:33:15', 'Perfil Buscado', 'Se Buscaron los datos del perfil:TH EMPLEADOS ', 1),
('cJtGiaBdARQcqSnOLJssVQ+Gxt3o3jwrnIYk4newydelLkkVoCkFo2o0QJ+cd1Fi', '2020-10-22 12:35:41', 'Perfiles Vistos', 'Se vieron todos los perfiles del sistema', 1),
('cJtGiaBdARQcqSnOLJssVQ+Gxt3o3jwrnIYk4newydelLkkVoCkFo2o0QJ+cd1Fi', '2020-10-22 12:36:35', 'Perfiles Vistos', 'Se vieron todos los perfiles del sistema', 1),
('cJtGiaBdARQcqSnOLJssVQ+Gxt3o3jwrnIYk4newydelLkkVoCkFo2o0QJ+cd1Fi', '2020-10-22 12:36:50', 'Perfil Añadido Fallido', 'Se trato de añadir los datos del perfil: TH EMPLEADO', 1),
('cJtGiaBdARQcqSnOLJssVQ+Gxt3o3jwrnIYk4newydelLkkVoCkFo2o0QJ+cd1Fi', '2020-10-22 12:37:51', 'Perfiles Vistos', 'Se vieron todos los perfiles del sistema', 1),
('cJtGiaBdARQcqSnOLJssVQ+Gxt3o3jwrnIYk4newydelLkkVoCkFo2o0QJ+cd1Fi', '2020-10-22 12:38:09', 'Perfil Añadido Fallido', 'Se trato de añadir los datos del perfil: TH EMPLEADO', 1),
('cJtGiaBdARQcqSnOLJssVQ+Gxt3o3jwrnIYk4newydelLkkVoCkFo2o0QJ+cd1Fi', '2020-10-22 12:39:27', 'Perfiles Vistos', 'Se vieron todos los perfiles del sistema', 1),
('cJtGiaBdARQcqSnOLJssVQ+Gxt3o3jwrnIYk4newydelLkkVoCkFo2o0QJ+cd1Fi', '2020-10-22 12:39:37', 'Perfil Modificado Exitoso', 'Modifico los datos del Perfil:TH EMPLEADO', 1),
('cJtGiaBdARQcqSnOLJssVQ+Gxt3o3jwrnIYk4newydelLkkVoCkFo2o0QJ+cd1Fi', '2020-10-22 12:40:56', 'Perfil Buscado', 'Se Buscaron los datos del perfil:TH EMPLEADO ', 1),
('cJtGiaBdARQcqSnOLJssVQ+Gxt3o3jwrnIYk4newydelLkkVoCkFo2o0QJ+cd1Fi', '2020-10-22 12:41:04', 'Perfil Buscado', 'Se Buscaron los datos del perfil:TH EMPLEADO ', 1),
('cJtGiaBdARQcqSnOLJssVQ+Gxt3o3jwrnIYk4newydelLkkVoCkFo2o0QJ+cd1Fi', '2020-10-22 12:41:07', 'Perfiles Vistos', 'Se vieron todos los perfiles del sistema', 1),
('cJtGiaBdARQcqSnOLJssVQ+Gxt3o3jwrnIYk4newydelLkkVoCkFo2o0QJ+cd1Fi', '2020-10-22 12:42:44', 'Perfil Modificado Exitoso', 'Modifico los datos del Perfil:TH EMPLEADO', 1),
('cJtGiaBdARQcqSnOLJssVQ+Gxt3o3jwrnIYk4newydelLkkVoCkFo2o0QJ+cd1Fi', '2020-10-22 12:42:47', 'Perfil Buscado', 'Se Buscaron los datos del perfil:TH EMPLEADO ', 1),
('cJtGiaBdARQcqSnOLJssVQ+Gxt3o3jwrnIYk4newydelLkkVoCkFo2o0QJ+cd1Fi', '2020-10-22 12:43:07', 'Perfiles Vistos', 'Se vieron todos los perfiles del sistema', 1),
('cJtGiaBdARQcqSnOLJssVQ+Gxt3o3jwrnIYk4newydelLkkVoCkFo2o0QJ+cd1Fi', '2020-10-22 12:43:20', 'Perfil Modificado Exitoso', 'Modifico los datos del Perfil:TH EMPLEADO', 1),
('cJtGiaBdARQcqSnOLJssVQ+Gxt3o3jwrnIYk4newydelLkkVoCkFo2o0QJ+cd1Fi', '2020-10-22 12:45:48', 'Perfil Buscado', 'Se Buscaron los datos del perfil:TH EMPLEADO ', 1),
('cJtGiaBdARQcqSnOLJssVQ+Gxt3o3jwrnIYk4newydelLkkVoCkFo2o0QJ+cd1Fi', '2020-10-22 12:45:51', 'Perfiles Vistos', 'Se vieron todos los perfiles del sistema', 1),
('cJtGiaBdARQcqSnOLJssVQ+Gxt3o3jwrnIYk4newydelLkkVoCkFo2o0QJ+cd1Fi', '2020-10-22 12:48:01', 'Perfiles Vistos', 'Se vieron todos los perfiles del sistema', 1),
('cJtGiaBdARQcqSnOLJssVQ+Gxt3o3jwrnIYk4newydelLkkVoCkFo2o0QJ+cd1Fi', '2020-10-22 12:48:13', 'Perfil Modificado Exitoso', 'Modifico los datos del Perfil:TH EMPLEADO', 1),
('cJtGiaBdARQcqSnOLJssVQ+Gxt3o3jwrnIYk4newydelLkkVoCkFo2o0QJ+cd1Fi', '2020-10-22 12:49:55', 'Perfil Buscado', 'Se Buscaron los datos del perfil:TH EMPLEADO ', 1),
('cJtGiaBdARQcqSnOLJssVQ+Gxt3o3jwrnIYk4newydelLkkVoCkFo2o0QJ+cd1Fi', '2020-10-22 12:49:59', 'Perfiles Vistos', 'Se vieron todos los perfiles del sistema', 1),
('cJtGiaBdARQcqSnOLJssVQ+Gxt3o3jwrnIYk4newydelLkkVoCkFo2o0QJ+cd1Fi', '2020-10-22 12:50:02', 'Perfiles Vistos', 'Se vieron todos los perfiles del sistema', 1),
('cJtGiaBdARQcqSnOLJssVQ+Gxt3o3jwrnIYk4newydelLkkVoCkFo2o0QJ+cd1Fi', '2020-10-22 12:50:12', 'Perfil Modificado Exitoso', 'Modifico los datos del Perfil:TH EMPLEADO    TALENTO HUMANO - ', 1),
('cJtGiaBdARQcqSnOLJssVQ+Gxt3o3jwrnIYk4newydelLkkVoCkFo2o0QJ+cd1Fi', '2020-10-22 12:53:44', 'Perfil Buscado', 'Se Buscaron los datos del perfil:TH EMPLEADO ', 1),
('cJtGiaBdARQcqSnOLJssVQ+Gxt3o3jwrnIYk4newydelLkkVoCkFo2o0QJ+cd1Fi', '2020-10-22 12:54:12', 'Perfil Modificado Exitoso', 'Modifico los datos del Perfil:TH EMPLEADO    TALENTO HUMANO - TALENTO HUMANO', 1),
('cJtGiaBdARQcqSnOLJssVQ+Gxt3o3jwrnIYk4newydelLkkVoCkFo2o0QJ+cd1Fi', '2020-10-22 12:55:22', 'Perfiles Vistos', 'Se vieron todos los perfiles del sistema', 1),
('cJtGiaBdARQcqSnOLJssVQ+Gxt3o3jwrnIYk4newydelLkkVoCkFo2o0QJ+cd1Fi', '2020-10-22 12:55:29', 'Perfil Modificado Exitoso', 'Modifico los datos del Perfil:TH EMPLEADO    TALENTO HUMANO - TALENTO HUMANO', 1),
('cJtGiaBdARQcqSnOLJssVQ+Gxt3o3jwrnIYk4newydelLkkVoCkFo2o0QJ+cd1Fi', '2020-10-22 12:55:35', 'Perfiles Vistos', 'Se vieron todos los perfiles del sistema', 1),
('cJtGiaBdARQcqSnOLJssVQ+Gxt3o3jwrnIYk4newydelLkkVoCkFo2o0QJ+cd1Fi', '2020-10-22 12:55:51', 'Perfil Modificado Exitoso', 'Modifico los datos del Perfil:TH EMPLEADOS    ADMINISTRADOR - TALENTO HUMANO', 1),
('cJtGiaBdARQcqSnOLJssVQ+Gxt3o3jwrnIYk4newydelLkkVoCkFo2o0QJ+cd1Fi', '2020-10-22 12:57:24', 'Perfil Buscado', 'Se Buscaron los datos del perfil:TH EMPLEADOS ', 1),
('cJtGiaBdARQcqSnOLJssVQ+Gxt3o3jwrnIYk4newydelLkkVoCkFo2o0QJ+cd1Fi', '2020-10-22 12:57:31', 'Perfiles Vistos', 'Se vieron todos los perfiles del sistema', 1),
('cJtGiaBdARQcqSnOLJssVQ+Gxt3o3jwrnIYk4newydelLkkVoCkFo2o0QJ+cd1Fi', '2020-10-22 12:57:40', 'Perfil Modificado Exitoso', 'Modifico los datos del Perfil:TH EMPLEADO    TALENTO HUMANO - ADMINISTRADOR', 1),
('cJtGiaBdARQcqSnOLJssVQ+Gxt3o3jwrnIYk4newydelLkkVoCkFo2o0QJ+cd1Fi', '2020-10-22 12:58:25', 'Perfil Buscado', 'Se Buscaron los datos del perfil:TH EMPLEADO ', 1),
('cJtGiaBdARQcqSnOLJssVQ+Gxt3o3jwrnIYk4newydelLkkVoCkFo2o0QJ+cd1Fi', '2020-10-22 14:16:39', 'Cuenta Buscado', 'Se Buscaron los datos de la Cuenta:18 ', 1),
('cJtGiaBdARQcqSnOLJssVQ+Gxt3o3jwrnIYk4newydelLkkVoCkFo2o0QJ+cd1Fi', '2020-10-22 14:16:41', 'Cuenta Añadido Fallido', 'Las contraseñas no considieron o no cumplen con las condiciones (mayor a 8 caracteres, con valores de letras(Mayusculas-minusculas)) y numeros', 1),
('cJtGiaBdARQcqSnOLJssVQ+Gxt3o3jwrnIYk4newydelLkkVoCkFo2o0QJ+cd1Fi', '2020-10-22 14:17:29', 'Cuenta Buscado', 'Se Buscaron los datos de la Cuenta:18 ', 1),
('cJtGiaBdARQcqSnOLJssVQ+Gxt3o3jwrnIYk4newydelLkkVoCkFo2o0QJ+cd1Fi', '2020-10-22 14:18:45', 'Cuenta Buscado', 'Se Buscaron los datos de la Cuenta:18 ', 1),
('cJtGiaBdARQcqSnOLJssVQ+Gxt3o3jwrnIYk4newydelLkkVoCkFo2o0QJ+cd1Fi', '2020-10-22 14:19:45', 'Cuenta Buscado', 'Se Buscaron los datos de la Cuenta:18 ', 1),
('cJtGiaBdARQcqSnOLJssVQ+Gxt3o3jwrnIYk4newydelLkkVoCkFo2o0QJ+cd1Fi', '2020-10-22 14:20:07', 'Cuenta Buscado', 'Se Buscaron los datos de la Cuenta:18 ', 1),
('cJtGiaBdARQcqSnOLJssVQ+Gxt3o3jwrnIYk4newydelLkkVoCkFo2o0QJ+cd1Fi', '2020-10-22 14:20:33', 'Cuenta Buscado', 'Se Buscaron los datos de la Cuenta:18 ', 1),
('cJtGiaBdARQcqSnOLJssVQ+Gxt3o3jwrnIYk4newydelLkkVoCkFo2o0QJ+cd1Fi', '2020-10-22 14:21:35', 'Cuenta Buscado', 'Se Buscaron los datos de la Cuenta:18 ', 1),
('cJtGiaBdARQcqSnOLJssVQ+Gxt3o3jwrnIYk4newydelLkkVoCkFo2o0QJ+cd1Fi', '2020-10-22 14:25:09', 'Cuentas Vistas', 'Se vieron todos los registros de todas las Cuentas de APPAUSA WEB', 1),
('cJtGiaBdARQcqSnOLJssVQ+Gxt3o3jwrnIYk4newydelLkkVoCkFo2o0QJ+cd1Fi', '2020-10-22 14:26:57', 'Cuentas Vistas', 'Se vieron todos los registros de todas las Cuentas de APPAUSA WEB', 1),
('cJtGiaBdARQcqSnOLJssVQ+Gxt3o3jwrnIYk4newydelLkkVoCkFo2o0QJ+cd1Fi', '2020-10-22 14:27:06', 'Cuenta Buscado', 'Se Buscaron los datos de la Cuenta:18 ', 1),
('cJtGiaBdARQcqSnOLJssVQ+Gxt3o3jwrnIYk4newydelLkkVoCkFo2o0QJ+cd1Fi', '2020-10-22 14:31:11', 'Cuenta Buscado', 'Se Buscaron los datos de la Cuenta:18 ', 1),
('cJtGiaBdARQcqSnOLJssVQ+Gxt3o3jwrnIYk4newydelLkkVoCkFo2o0QJ+cd1Fi', '2020-10-22 14:32:12', 'Cuenta Buscado', 'Se Buscaron los datos de la Cuenta:18 ', 1),
('cJtGiaBdARQcqSnOLJssVQ+Gxt3o3jwrnIYk4newydelLkkVoCkFo2o0QJ+cd1Fi', '2020-10-22 14:34:10', 'Cuenta Buscado', 'Se Buscaron los datos de la Cuenta:18 ', 1),
('cJtGiaBdARQcqSnOLJssVQ+Gxt3o3jwrnIYk4newydelLkkVoCkFo2o0QJ+cd1Fi', '2020-10-22 14:34:33', 'Cuenta Modificado Exitoso', 'Inserto los datos del Usuario: idenficado por el correo: 7/+qfEPV8baES46zmLs4pA==', 1),
('cJtGiaBdARQcqSnOLJssVQ+Gxt3o3jwrnIYk4newydelLkkVoCkFo2o0QJ+cd1Fi', '2020-10-22 14:38:11', 'Cuenta Buscado', 'Se Buscaron los datos de la Cuenta:18 ', 1),
('cJtGiaBdARQcqSnOLJssVQ+Gxt3o3jwrnIYk4newydelLkkVoCkFo2o0QJ+cd1Fi', '2020-10-22 14:38:27', 'Cuenta Modificado Exitoso', 'Inserto los datos del Usuario: idenficado por el correo: 7/+qfEPV8baES46zmLs4pA==', 1),
('cJtGiaBdARQcqSnOLJssVQ+Gxt3o3jwrnIYk4newydelLkkVoCkFo2o0QJ+cd1Fi', '2020-10-22 14:44:47', 'Cuenta Buscado', 'Se Buscaron los datos de la Cuenta:18 ', 1),
('cJtGiaBdARQcqSnOLJssVQ+Gxt3o3jwrnIYk4newydelLkkVoCkFo2o0QJ+cd1Fi', '2020-10-22 14:45:05', 'Cuenta Modificado Exitoso', 'Modifico la contraseña de la cuenta:7/+qfEPV8baES46zmLs4pA==', 1),
('cJtGiaBdARQcqSnOLJssVQ+Gxt3o3jwrnIYk4newydelLkkVoCkFo2o0QJ+cd1Fi', '2020-10-22 14:58:34', 'Cuenta Buscado', 'Se Buscaron los datos de la Cuenta:18 ', 1),
('cJtGiaBdARQcqSnOLJssVQ+Gxt3o3jwrnIYk4newydelLkkVoCkFo2o0QJ+cd1Fi', '2020-10-22 14:58:47', 'Cuenta Modificado Exitoso', 'Modifico la contraseña de la cuenta:7/+qfEPV8baES46zmLs4pA==', 1),
('cJtGiaBdARQcqSnOLJssVQ+Gxt3o3jwrnIYk4newydelLkkVoCkFo2o0QJ+cd1Fi', '2020-10-22 15:00:31', 'Cuenta Buscado', 'Se Buscaron los datos de la Cuenta:18 ', 1),
('cJtGiaBdARQcqSnOLJssVQ+Gxt3o3jwrnIYk4newydelLkkVoCkFo2o0QJ+cd1Fi', '2020-10-22 15:00:53', 'Cuenta Modificado Exitoso', 'Modifico la contraseña de la cuenta:7/+qfEPV8baES46zmLs4pA==   ---  ', 1),
('cJtGiaBdARQcqSnOLJssVQ+Gxt3o3jwrnIYk4newydelLkkVoCkFo2o0QJ+cd1Fi', '2020-10-22 15:03:00', 'Cuenta Buscado', 'Se Buscaron los datos de la Cuenta:18 ', 1),
('cJtGiaBdARQcqSnOLJssVQ+Gxt3o3jwrnIYk4newydelLkkVoCkFo2o0QJ+cd1Fi', '2020-10-22 15:03:39', 'Cuenta Buscado', 'Se Buscaron los datos de la Cuenta:18 ', 1),
('cJtGiaBdARQcqSnOLJssVQ+Gxt3o3jwrnIYk4newydelLkkVoCkFo2o0QJ+cd1Fi', '2020-10-22 15:04:07', 'Cuenta Modificado Exitoso', 'Modifico la contraseña de la cuenta:7/+qfEPV8baES46zmLs4pA==   ---  ', 1),
('cJtGiaBdARQcqSnOLJssVQ+Gxt3o3jwrnIYk4newydelLkkVoCkFo2o0QJ+cd1Fi', '2020-10-22 15:07:33', 'Cuenta Buscado', 'Se Buscaron los datos de la Cuenta:18 ', 1),
('cJtGiaBdARQcqSnOLJssVQ+Gxt3o3jwrnIYk4newydelLkkVoCkFo2o0QJ+cd1Fi', '2020-10-22 15:13:10', 'Cuenta Buscado', 'Se Buscaron los datos de la Cuenta:18 ', 1),
('cJtGiaBdARQcqSnOLJssVQ+Gxt3o3jwrnIYk4newydelLkkVoCkFo2o0QJ+cd1Fi', '2020-10-22 15:17:01', 'Cuenta Buscado', 'Se Buscaron los datos de la Cuenta:18 ', 1),
('cJtGiaBdARQcqSnOLJssVQ+Gxt3o3jwrnIYk4newydelLkkVoCkFo2o0QJ+cd1Fi', '2020-10-22 15:26:46', 'Cuenta Buscado', 'Se Buscaron los datos de la Cuenta:18 ', 1),
('cJtGiaBdARQcqSnOLJssVQ+Gxt3o3jwrnIYk4newydelLkkVoCkFo2o0QJ+cd1Fi', '2020-10-22 15:26:49', 'Usuario Buscado', 'Se Buscaron los datos del Usuario:18', 1),
('cJtGiaBdARQcqSnOLJssVQ+Gxt3o3jwrnIYk4newydelLkkVoCkFo2o0QJ+cd1Fi', '2020-10-22 15:28:00', 'Usuarios Vistos', 'Se vieron todos los registros de Usuarios de APPAUSA WEB', 1),
('cJtGiaBdARQcqSnOLJssVQ+Gxt3o3jwrnIYk4newydelLkkVoCkFo2o0QJ+cd1Fi', '2020-10-22 15:28:06', 'Usuarios Vistos', 'Se vieron todos los registros de Usuarios de APPAUSA WEB', 1),
('cJtGiaBdARQcqSnOLJssVQ+Gxt3o3jwrnIYk4newydelLkkVoCkFo2o0QJ+cd1Fi', '2020-10-22 15:28:39', 'Usuarios Vistos', 'Se vieron todos los registros de Usuarios de APPAUSA WEB', 1),
('cJtGiaBdARQcqSnOLJssVQ+Gxt3o3jwrnIYk4newydelLkkVoCkFo2o0QJ+cd1Fi', '2020-10-22 15:28:43', 'Cuenta Buscado', 'Se Buscaron los datos de la Cuenta:18 ', 1),
('cJtGiaBdARQcqSnOLJssVQ+Gxt3o3jwrnIYk4newydelLkkVoCkFo2o0QJ+cd1Fi', '2020-10-22 15:28:47', 'Usuarios Vistos', 'Se vieron todos los registros de Usuarios de APPAUSA WEB', 1),
('cJtGiaBdARQcqSnOLJssVQ+Gxt3o3jwrnIYk4newydelLkkVoCkFo2o0QJ+cd1Fi', '2020-10-22 15:28:53', 'Cuenta Buscado', 'Se Buscaron los datos de la Cuenta:18 ', 1),
('cJtGiaBdARQcqSnOLJssVQ+Gxt3o3jwrnIYk4newydelLkkVoCkFo2o0QJ+cd1Fi', '2020-10-22 15:34:49', 'Cuenta Buscado', 'Se Buscaron los datos de la Cuenta:18 ', 1),
('cJtGiaBdARQcqSnOLJssVQ+Gxt3o3jwrnIYk4newydelLkkVoCkFo2o0QJ+cd1Fi', '2020-10-22 15:39:13', 'Cuenta Buscado', 'Se Buscaron los datos de la Cuenta:18 ', 1),
('cJtGiaBdARQcqSnOLJssVQ+Gxt3o3jwrnIYk4newydelLkkVoCkFo2o0QJ+cd1Fi', '2020-10-22 15:51:16', 'Cuenta Buscado', 'Se Buscaron los datos de la Cuenta:18 ', 1),
('cJtGiaBdARQcqSnOLJssVQ+Gxt3o3jwrnIYk4newydelLkkVoCkFo2o0QJ+cd1Fi', '2020-10-22 15:54:48', 'Cuenta Buscado', 'Se Buscaron los datos de la Cuenta:18 ', 1),
('cJtGiaBdARQcqSnOLJssVQ+Gxt3o3jwrnIYk4newydelLkkVoCkFo2o0QJ+cd1Fi', '2020-10-22 15:56:16', 'Cuenta Buscado', 'Se Buscaron los datos de la Cuenta:18 ', 1),
('cJtGiaBdARQcqSnOLJssVQ+Gxt3o3jwrnIYk4newydelLkkVoCkFo2o0QJ+cd1Fi', '2020-10-22 15:56:33', 'Cuenta Modificado Exitoso', 'Modifico la contraseña de la cuenta:bIxYd39s/MP5gF3uFF/8FCK+fDKUplHKiJQDYQ1WmmY=   ---  18', 1),
('cJtGiaBdARQcqSnOLJssVQ+Gxt3o3jwrnIYk4newydelLkkVoCkFo2o0QJ+cd1Fi', '2020-10-22 15:56:56', 'Cuenta Modificado Fallido', 'Las contraseñas no considieron o no cumplen con las condiciones (mayor a 8 caracteres, con valores de letras(Mayusculas-minusculas)) y numeros', 1),
('cJtGiaBdARQcqSnOLJssVQ+Gxt3o3jwrnIYk4newydelLkkVoCkFo2o0QJ+cd1Fi', '2020-10-22 15:59:13', 'Cuenta Buscado', 'Se Buscaron los datos de la Cuenta:18 ', 1),
('cJtGiaBdARQcqSnOLJssVQ+Gxt3o3jwrnIYk4newydelLkkVoCkFo2o0QJ+cd1Fi', '2020-10-22 16:00:28', 'Cuenta Modificado Exitoso', 'Modifico la contraseña de la cuenta:bIxYd39s/MP5gF3uFF/8FCK+fDKUplHKiJQDYQ1WmmY=   ---  18', 1),
('cJtGiaBdARQcqSnOLJssVQ+Gxt3o3jwrnIYk4newydelLkkVoCkFo2o0QJ+cd1Fi', '2020-10-22 16:00:40', 'Cuenta Modificado Fallido', 'Las contraseñas no considieron o no cumplen con las condiciones (mayor a 8 caracteres, con valores de letras(Mayusculas-minusculas)) y numeros', 1),
('cJtGiaBdARQcqSnOLJssVQ+Gxt3o3jwrnIYk4newydelLkkVoCkFo2o0QJ+cd1Fi', '2020-10-22 16:03:25', 'Cuenta Modificado Exitoso', 'Modifico la contraseña de la cuenta:bIxYd39s/MP5gF3uFF/8FCK+fDKUplHKiJQDYQ1WmmY=   ---  18', 1),
('cJtGiaBdARQcqSnOLJssVQ+Gxt3o3jwrnIYk4newydelLkkVoCkFo2o0QJ+cd1Fi', '2020-10-22 16:14:33', 'Cuentas Vistas', 'Se vieron todos los registros de todas las Cuentas de APPAUSA WEB', 1),
('cJtGiaBdARQcqSnOLJssVQ+Gxt3o3jwrnIYk4newydelLkkVoCkFo2o0QJ+cd1Fi', '2020-10-22 23:14:27', 'Cuentas Vistas', 'Se vieron todos los registros de todas las Cuentas de APPAUSA WEB', 1),
('cJtGiaBdARQcqSnOLJssVQ+Gxt3o3jwrnIYk4newydelLkkVoCkFo2o0QJ+cd1Fi', '2020-10-22 23:14:31', 'Usuarios Vistos', 'Se vieron todos los registros de Usuarios de APPAUSA WEB', 1),
('cJtGiaBdARQcqSnOLJssVQ+Gxt3o3jwrnIYk4newydelLkkVoCkFo2o0QJ+cd1Fi', '2020-10-22 23:18:26', 'Usuarios Vistos', 'Se vieron todos los registros de Usuarios de APPAUSA WEB', 1),
('cJtGiaBdARQcqSnOLJssVQ+Gxt3o3jwrnIYk4newydelLkkVoCkFo2o0QJ+cd1Fi', '2020-10-23 10:24:12', 'Usuario Añadido Exitoso', 'Inserto los datos del Usuario:99', 1),
('cJtGiaBdARQcqSnOLJssVQ+Gxt3o3jwrnIYk4newydelLkkVoCkFo2o0QJ+cd1Fi', '2020-10-23 10:29:53', 'Perfiles Vistos', 'Se vieron todos los perfiles del sistema', 1),
('cJtGiaBdARQcqSnOLJssVQ+Gxt3o3jwrnIYk4newydelLkkVoCkFo2o0QJ+cd1Fi', '2020-10-23 11:14:21', 'Perfiles Vistos', 'Se vieron todos los perfiles del sistema', 1),
('cJtGiaBdARQcqSnOLJssVQ+Gxt3o3jwrnIYk4newydelLkkVoCkFo2o0QJ+cd1Fi', '2020-10-23 11:16:07', 'Perfiles Vistos', 'Se vieron todos los perfiles del sistema', 1),
('cJtGiaBdARQcqSnOLJssVQ+Gxt3o3jwrnIYk4newydelLkkVoCkFo2o0QJ+cd1Fi', '2020-10-23 11:17:20', 'Perfiles Vistos', 'Se vieron todos los perfiles del sistema', 1),
('cJtGiaBdARQcqSnOLJssVQ+Gxt3o3jwrnIYk4newydelLkkVoCkFo2o0QJ+cd1Fi', '2020-10-23 11:18:31', 'Perfil Buscado', 'Se Buscaron los datos del perfil:ADMINISTRADOR ', 1),
('cJtGiaBdARQcqSnOLJssVQ+Gxt3o3jwrnIYk4newydelLkkVoCkFo2o0QJ+cd1Fi', '2020-10-23 11:20:26', 'Perfiles Vistos', 'Se vieron todos los perfiles del sistema', 1),
('cJtGiaBdARQcqSnOLJssVQ+Gxt3o3jwrnIYk4newydelLkkVoCkFo2o0QJ+cd1Fi', '2020-10-23 11:22:47', 'Perfiles Vistos', 'Se vieron todos los perfiles del sistema', 1),
('cJtGiaBdARQcqSnOLJssVQ+Gxt3o3jwrnIYk4newydelLkkVoCkFo2o0QJ+cd1Fi', '2020-10-23 11:25:01', 'Perfil Buscado', 'Se Buscaron los datos del perfil:ADMINISTRADOR ', 1),
('cJtGiaBdARQcqSnOLJssVQ+Gxt3o3jwrnIYk4newydelLkkVoCkFo2o0QJ+cd1Fi', '2020-10-23 11:27:29', 'Perfiles Vistos', 'Se vieron todos los perfiles del sistema asociados con el rol: TALENTO HUMANO para asigarle uno a la cuenta del usuario: appausa_user', 1),
('cJtGiaBdARQcqSnOLJssVQ+Gxt3o3jwrnIYk4newydelLkkVoCkFo2o0QJ+cd1Fi', '2020-10-23 11:27:36', 'Cuenta Buscado', 'Se Buscaron los datos de la Cuenta:365145 ', 1),
('xRzzEq76rzxN9XbRXA08k3clnquI0f6S4GVK21mrHn64HbJ9L5b8kLuNoIUSXfFL', '2020-10-10 22:20:25', 'Fin Sesión', 'Cerro Sesión sin Problema', 1),
('xRzzEq76rzxN9XbRXA08k3clnquI0f6S4GVK21mrHn64HbJ9L5b8kLuNoIUSXfFL', '2020-10-11 17:51:27', 'Usuario Buscado', 'Se Buscaron los datos del Usuario:1000373689', 1),
('xRzzEq76rzxN9XbRXA08k3clnquI0f6S4GVK21mrHn64HbJ9L5b8kLuNoIUSXfFL', '2020-10-11 17:52:02', 'Usuario Buscado', 'Se Buscaron los datos del Usuario:1000373689', 1),
('xRzzEq76rzxN9XbRXA08k3clnquI0f6S4GVK21mrHn64HbJ9L5b8kLuNoIUSXfFL', '2020-10-12 13:15:02', 'Usuario Buscado', 'Se Buscaron los datos del Usuario:1000373689', 1),
('xRzzEq76rzxN9XbRXA08k3clnquI0f6S4GVK21mrHn64HbJ9L5b8kLuNoIUSXfFL', '2020-10-12 13:16:35', 'Empleado Añadido Fallido', 'Conflico con los datos del Empleado(37, Cedula Ciudadania, , , 1971-02-01, 59, 9v/zzvgDbL90xqs4/BdPtpO6MT1Nv5TbG7gK4+vlSyM=, 3147894512, )', 1),
('xRzzEq76rzxN9XbRXA08k3clnquI0f6S4GVK21mrHn64HbJ9L5b8kLuNoIUSXfFL', '2020-10-12 13:22:05', 'Empleado Añadido Fallido', 'Conflico con los datos del Empleado(35, Cedula Ciudadania, , , 1999-08-17, 21, 9v/zzvgDbL90xqs4/BdPtpO6MT1Nv5TbG7gK4+vlSyM=, 3147894512, )', 1),
('xRzzEq76rzxN9XbRXA08k3clnquI0f6S4GVK21mrHn64HbJ9L5b8kLuNoIUSXfFL', '2020-10-12 13:26:15', 'Empleado Añadido Fallido', 'Conflico con los datos del Empleado(35, Cedula Ciudadania, , , 2000-08-25, 20, 9v/zzvgDbL90xqs4/BdPtpO6MT1Nv5TbG7gK4+vlSyM=, 3147894512, )', 1),
('xRzzEq76rzxN9XbRXA08k3clnquI0f6S4GVK21mrHn64HbJ9L5b8kLuNoIUSXfFL', '2020-10-12 13:35:23', 'Empleado Añadido Exitoso', 'Inserto los datos del Empleado:36', 1),
('xRzzEq76rzxN9XbRXA08k3clnquI0f6S4GVK21mrHn64HbJ9L5b8kLuNoIUSXfFL', '2020-10-12 13:38:49', 'Usuario Buscado', 'Se Buscaron los datos del Usuario:36', 1),
('xRzzEq76rzxN9XbRXA08k3clnquI0f6S4GVK21mrHn64HbJ9L5b8kLuNoIUSXfFL', '2020-10-12 13:38:55', 'Usuario Buscado', 'Se Buscaron los datos del Usuario:36', 1),
('xRzzEq76rzxN9XbRXA08k3clnquI0f6S4GVK21mrHn64HbJ9L5b8kLuNoIUSXfFL', '2020-10-12 13:39:19', 'Usuario Buscado', 'Se Buscaron los datos del Usuario:36', 1),
('xRzzEq76rzxN9XbRXA08k3clnquI0f6S4GVK21mrHn64HbJ9L5b8kLuNoIUSXfFL', '2020-10-12 13:40:32', 'Contrato Añadido Exitoso', 'Inserto los datos del Contrato:5 de la empresa :1', 1),
('xRzzEq76rzxN9XbRXA08k3clnquI0f6S4GVK21mrHn64HbJ9L5b8kLuNoIUSXfFL', '2020-10-12 13:40:40', 'Usuario Buscado', 'Se Buscaron los datos del Usuario:36', 1),
('xRzzEq76rzxN9XbRXA08k3clnquI0f6S4GVK21mrHn64HbJ9L5b8kLuNoIUSXfFL', '2020-10-12 13:40:44', 'Usuario Buscado', 'Se Buscaron los datos del Usuario:36', 1),
('xRzzEq76rzxN9XbRXA08k3clnquI0f6S4GVK21mrHn64HbJ9L5b8kLuNoIUSXfFL', '2020-10-12 13:40:59', 'Usuario Buscado', 'Se Buscaron los datos del Usuario:36', 1),
('xRzzEq76rzxN9XbRXA08k3clnquI0f6S4GVK21mrHn64HbJ9L5b8kLuNoIUSXfFL', '2020-10-12 13:41:06', 'Contrato Buscado', 'Se Buscaron los datos del Contrato:5 de la Empres:1', 1),
('xRzzEq76rzxN9XbRXA08k3clnquI0f6S4GVK21mrHn64HbJ9L5b8kLuNoIUSXfFL', '2020-10-12 13:42:06', 'Usuario Buscado', 'Se Buscaron los datos del Usuario:36', 1),
('xRzzEq76rzxN9XbRXA08k3clnquI0f6S4GVK21mrHn64HbJ9L5b8kLuNoIUSXfFL', '2020-10-12 13:42:10', 'Usuario Buscado', 'Se Buscaron los datos del Usuario:36', 1),
('xRzzEq76rzxN9XbRXA08k3clnquI0f6S4GVK21mrHn64HbJ9L5b8kLuNoIUSXfFL', '2020-10-12 13:42:13', 'Contrato Buscado', 'Se Buscaron los datos del Contrato:5 de la Empres:1', 1),
('xRzzEq76rzxN9XbRXA08k3clnquI0f6S4GVK21mrHn64HbJ9L5b8kLuNoIUSXfFL', '2020-10-12 13:42:16', 'Usuario Buscado', 'Se Buscaron los datos del Usuario:36', 1),
('xRzzEq76rzxN9XbRXA08k3clnquI0f6S4GVK21mrHn64HbJ9L5b8kLuNoIUSXfFL', '2020-10-12 14:52:42', 'Contrato Buscado', 'Se Buscaron los datos del Contrato:5 de la Empres:1', 1),
('xRzzEq76rzxN9XbRXA08k3clnquI0f6S4GVK21mrHn64HbJ9L5b8kLuNoIUSXfFL', '2020-10-12 14:53:21', 'Contrato Buscado', 'Se Buscaron los datos del Contrato:2 de la Empres:1', 1),
('xRzzEq76rzxN9XbRXA08k3clnquI0f6S4GVK21mrHn64HbJ9L5b8kLuNoIUSXfFL', '2020-10-14 16:28:18', 'Empleado Añadido Fallido', '(41,Cedula Ciudadania,,,2000-12-18,19,b5MVnxDYMXwQmDu6jnkfYmMmg5kB29xVaGGMFScvc5edS7ZsmMNRw3Ap7Vc8WQDW,,1)', 1),
('xRzzEq76rzxN9XbRXA08k3clnquI0f6S4GVK21mrHn64HbJ9L5b8kLuNoIUSXfFL', '2020-10-14 16:29:28', 'Empleado Añadido Fallido', '(41,Cedula Ciudadania,,,2000-12-18,19,b5MVnxDYMXwQmDu6jnkfYmMmg5kB29xVaGGMFScvc5edS7ZsmMNRw3Ap7Vc8WQDW,,1)', 1);

--
-- Volcado de datos para la tabla `perfil`
--

INSERT INTO `perfil` (`nombre`, `descrpción`, `rol_asociado`, `e`) VALUES
('ADMINISTRADOR', 'Rol para los Admon de la aplicación web', 'ADMINISTRADOR', 1),
('SUPER', 'Rol para Super de la aplicación web', 'SUPER', 1),
('TALENTO HUMANO GENERAL', 'Rol para los TH de las empresas', 'TALENTO HUMANO', 1),
('TH CONTRATOS', 'Encargado de los contratos', 'TALENTO HUMANO', 1),
('TH EMPLEADO', 'Encargado de los Empleado', 'TALENTO HUMANO', 1);

--
-- Volcado de datos para la tabla `rol`
--

INSERT INTO `rol` (`nombre`, `descrpción`) VALUES
('ADMINISTRADOR', 'Rol para los Admon de la aplicación web'),
('EMPLEADO', 'Rol designado a los empleados de las empresas'),
('SUPER', 'Rol para Super de la aplicación web'),
('TALENTO HUMANO', 'Rol para los TH de las empresas');

--
-- Volcado de datos para la tabla `tipo_contrato`
--

INSERT INTO `tipo_contrato` (`nombre`, `descrip`, `duracion`) VALUES
('Definido', 'Contrato por cierto Tiempo', 'Definido por la empresa'),
('Indefinido', 'Sin tiempo definido', 'A decisión de la Empresa'),
('Obra Labor', 'Contrato a corto tiempo', 'Definido por la empresa');

--
-- Volcado de datos para la tabla `tipo_empresa`
--

INSERT INTO `tipo_empresa` (`nombre_tipo`, `actividad`, `descripción`) VALUES
('Educación', 'Educar', 'Instituciones de educación');

--
-- Volcado de datos para la tabla `usuario`
--

INSERT INTO `usuario` (`cc`, `tipo_doc`, `pnombre`, `snombre`, `papellido`, `sapellido`, `fecha_nam`, `edad`, `correo_electronico`, `telefono`, `rol`, `e`) VALUES
(18, 'Cedula Ciudadania', 'Andrea', 'Catalina', 'Lopes', 'Torrez', '1998-02-18', 22, 'rS8jLn5CM1vFB9jEVZ3e3pJ0kzFIMMgGmXtf7QQtb8Q=', '3214567', 'ADMINISTRADOR', 1),
(35, 'Cedula Ciudadania', 'MARIA', 'ANDREA', 'PEREZ', 'GONZALEZ', '2018-11-01', 14, '0TZAg3JY6BrM2Z6GZaavn8e3X77rz6uirIcmMTekFLA=', '3125555', 'EMPLEADO', 1),
(36, 'Cedula Ciudadania', 'Karol', 'Andrea', 'Marquez', 'Paez', '2000-06-18', 20, '9v/zzvgDbL90xqs4/BdPtpO6MT1Nv5TbG7gK4+vlSyM=', '3147894512', 'EMPLEADO', 1),
(54, 'Cedula Extranjeria', 'ANDREA', NULL, 'PEREZ', 'RODRIGUEZ', '1981-07-16', 49, 'XiW8B3kdQsEZuL7gZw1IBPsIjh209HHTS3dkn+o1WW0=', '3214569', 'EMPLEADO', 1),
(99, 'Cedula Ciudadania', 'Felipe', 'Felipe   ', 'Torres', 'Torres', '2000-12-16', 19, 'lykZj0FwXgJkk1sgourTAtUpqOJF0ujxlvcaxBqYjNYeLn1757X+t5PXCi6SykOh', '3140005423', 'ADMINISTRADOR', 1),
(24571, 'Cedula Ciudadania', 'MARIA', 'JOSE', 'PEREZ', 'TORRES', '2000-02-01', 20, 'vXqeWvSdmnATPXP33VGtMO252/zPE0W9WWy7XRGE47o=', '3540014', 'EMPLEADO', 1),
(365145, 'Cedula Ciudadania', 'JOSE', NULL, 'CASTRO', 'GONZALEZ', '2012-06-01', 8, 'xRzzEq76rzxN9XbRXA08k3clnquI0f6S4GVK21mrHn64HbJ9L5b8kLuNoIUSXfFL', '7415200', 'TALENTO HUMANO', 1),
(36985214, 'Cedula Ciudadania', 'MARIA', 'DEL CARMEN', 'TAO', 'ROJAS', '1981-07-16', 49, 'C+Os8EDWGaXBv1WHMFcxyBn/AjvIpj5zUnPpZ1uJ21w=', '3052418930', 'EMPLEADO', 1),
(1000373689, 'Cedula Ciudadania', 'LUIS', 'ANDRES', 'PEREZ', 'GONZALEZ', '2020-10-02', 33, 'b5MVnxDYMXwQmDu6jnkfYmMmg5kB29xVaGGMFScvc5edS7ZsmMNRw3Ap7Vc8WQDW', '3140005429', 'EMPLEADO', 1),
(1000689373, 'Cedula Ciudadania', 'LUIS', 'FELIPE', 'VELASCO', 'TAO', '2000-12-28', 19, 'cJtGiaBdARQcqSnOLJssVQ+Gxt3o3jwrnIYk4newydelLkkVoCkFo2o0QJ+cd1Fi', '3144432469', 'ADMINISTRADOR', 1);

-- SELECT entidad.nit AS nit, entidad.nombre_entidad AS nombre FROM entidad,entidades_contratadas WHERE entidad.nit = entidades_contratadas.nit_entidad AND entidad.tipo = "EPS" AND entidades_contratadas.nit_empresa = 1;